commune,id,name,canton,is--commune
1,1,Aeugst am Albis,c1,TRUE
2,2,Affoltern am Albis,c1,TRUE
3,3,Bonstetten,c1,TRUE
4,4,Hausen am Albis,c1,TRUE
5,5,Hedingen,c1,TRUE
6,6,Kappel am Albis,c1,TRUE
7,7,Knonau,c1,TRUE
8,8,Maschwanden,c1,TRUE
9,9,Mettmenstetten,c1,TRUE
10,10,Obfelden,c1,TRUE
11,11,Ottenbach,c1,TRUE
12,12,Rifferswil,c1,TRUE
13,13,Stallikon,c1,TRUE
14,14,Wettswil am Albis,c1,TRUE
21,21,Adlikon,c1,TRUE
22,22,Benken (ZH),c1,TRUE
23,23,Berg am Irchel,c1,TRUE
24,24,Buch am Irchel,c1,TRUE
25,25,Dachsen,c1,TRUE
26,26,Dorf,c1,TRUE
27,27,Feuerthalen,c1,TRUE
28,28,Flaach,c1,TRUE
29,29,Flurlingen,c1,TRUE
30,30,Andelfingen,c1,TRUE
31,31,Henggart,c1,TRUE
32,32,Humlikon,c1,TRUE
33,33,Kleinandelfingen,c1,TRUE
34,34,Laufen-Uhwiesen,c1,TRUE
35,35,Marthalen,c1,TRUE
37,37,Ossingen,c1,TRUE
38,38,Rheinau,c1,TRUE
39,39,Thalheim an der Thur,c1,TRUE
40,40,Trüllikon,c1,TRUE
41,41,Truttikon,c1,TRUE
43,43,Volken,c1,TRUE
51,51,Bachenbülach,c1,TRUE
52,52,Bassersdorf,c1,TRUE
53,53,Bülach,c1,TRUE
54,54,Dietlikon,c1,TRUE
55,55,Eglisau,c1,TRUE
56,56,Embrach,c1,TRUE
57,57,Freienstein-Teufen,c1,TRUE
58,58,Glattfelden,c1,TRUE
59,59,Hochfelden,c1,TRUE
60,60,Höri,c1,TRUE
61,61,Hüntwangen,c1,TRUE
62,62,Kloten,c1,TRUE
63,63,Lufingen,c1,TRUE
64,64,Nürensdorf,c1,TRUE
65,65,Oberembrach,c1,TRUE
66,66,Opfikon,c1,TRUE
67,67,Rafz,c1,TRUE
68,68,Rorbas,c1,TRUE
69,69,Wallisellen,c1,TRUE
70,70,Wasterkingen,c1,TRUE
71,71,Wil (ZH),c1,TRUE
72,72,Winkel,c1,TRUE
81,81,Bachs,c1,TRUE
82,82,Boppelsen,c1,TRUE
83,83,Buchs (ZH),c1,TRUE
84,84,Dällikon,c1,TRUE
85,85,Dänikon,c1,TRUE
86,86,Dielsdorf,c1,TRUE
87,87,Hüttikon,c1,TRUE
88,88,Neerach,c1,TRUE
89,89,Niederglatt,c1,TRUE
90,90,Niederhasli,c1,TRUE
91,91,Niederweningen,c1,TRUE
92,92,Oberglatt,c1,TRUE
93,93,Oberweningen,c1,TRUE
94,94,Otelfingen,c1,TRUE
95,95,Regensberg,c1,TRUE
96,96,Regensdorf,c1,TRUE
97,97,Rümlang,c1,TRUE
98,98,Schleinikon,c1,TRUE
99,99,Schöfflisdorf,c1,TRUE
100,100,Stadel,c1,TRUE
101,101,Steinmaur,c1,TRUE
102,102,Weiach,c1,TRUE
111,111,Bäretswil,c1,TRUE
112,112,Bubikon,c1,TRUE
113,113,Dürnten,c1,TRUE
114,114,Fischenthal,c1,TRUE
115,115,Gossau (ZH),c1,TRUE
116,116,Grüningen,c1,TRUE
117,117,Hinwil,c1,TRUE
118,118,Rüti (ZH),c1,TRUE
119,119,Seegräben,c1,TRUE
120,120,Wald (ZH),c1,TRUE
121,121,Wetzikon (ZH),c1,TRUE
131,131,Adliswil,c1,TRUE
135,135,Kilchberg (ZH),c1,TRUE
136,136,Langnau am Albis,c1,TRUE
137,137,Oberrieden,c1,TRUE
138,138,Richterswil,c1,TRUE
139,139,Rüschlikon,c1,TRUE
141,141,Thalwil,c1,TRUE
151,151,Erlenbach (ZH),c1,TRUE
152,152,Herrliberg,c1,TRUE
153,153,Hombrechtikon,c1,TRUE
154,154,Küsnacht (ZH),c1,TRUE
155,155,Männedorf,c1,TRUE
156,156,Meilen,c1,TRUE
157,157,Oetwil am See,c1,TRUE
158,158,Stäfa,c1,TRUE
159,159,Uetikon am See,c1,TRUE
160,160,Zumikon,c1,TRUE
161,161,Zollikon,c1,TRUE
172,172,Fehraltorf,c1,TRUE
173,173,Hittnau,c1,TRUE
176,176,Lindau,c1,TRUE
177,177,Pfäffikon,c1,TRUE
178,178,Russikon,c1,TRUE
180,180,Weisslingen,c1,TRUE
181,181,Wila,c1,TRUE
182,182,Wildberg,c1,TRUE
191,191,Dübendorf,c1,TRUE
192,192,Egg,c1,TRUE
193,193,Fällanden,c1,TRUE
194,194,Greifensee,c1,TRUE
195,195,Maur,c1,TRUE
196,196,Mönchaltorf,c1,TRUE
197,197,Schwerzenbach,c1,TRUE
198,198,Uster,c1,TRUE
199,199,Volketswil,c1,TRUE
200,200,Wangen-Brüttisellen,c1,TRUE
211,211,Altikon,c1,TRUE
213,213,Brütten,c1,TRUE
214,214,Dägerlen,c1,TRUE
215,215,Dättlikon,c1,TRUE
216,216,Dinhard,c1,TRUE
218,218,Ellikon an der Thur,c1,TRUE
219,219,Elsau,c1,TRUE
220,220,Hagenbuch,c1,TRUE
221,221,Hettlingen,c1,TRUE
223,223,Neftenbach,c1,TRUE
224,224,Pfungen,c1,TRUE
225,225,Rickenbach (ZH),c1,TRUE
226,226,Schlatt (ZH),c1,TRUE
227,227,Seuzach,c1,TRUE
228,228,Turbenthal,c1,TRUE
230,230,Winterthur,c1,TRUE
231,231,Zell (ZH),c1,TRUE
241,241,Aesch (ZH),c1,TRUE
242,242,Birmensdorf (ZH),c1,TRUE
243,243,Dietikon,c1,TRUE
244,244,Geroldswil,c1,TRUE
245,245,Oberengstringen,c1,TRUE
246,246,Oetwil an der Limmat,c1,TRUE
247,247,Schlieren,c1,TRUE
248,248,Uitikon,c1,TRUE
249,249,Unterengstringen,c1,TRUE
250,250,Urdorf,c1,TRUE
251,251,Weiningen (ZH),c1,TRUE
261,261,Zürich,c1,TRUE
292,292,Stammheim,c1,TRUE
293,293,Wädenswil,c1,TRUE
294,294,Elgg,c1,TRUE
295,295,Horgen,c1,TRUE
296,296,Illnau-Effretikon,c1,TRUE
297,297,Bauma,c1,TRUE
298,298,Wiesendangen,c1,TRUE
301,301,Aarberg,c2,TRUE
302,302,Bargen (BE),c2,TRUE
303,303,Grossaffoltern,c2,TRUE
304,304,Kallnach,c2,TRUE
305,305,Kappelen,c2,TRUE
306,306,Lyss,c2,TRUE
307,307,Meikirch,c2,TRUE
309,309,Radelfingen,c2,TRUE
310,310,Rapperswil (BE),c2,TRUE
311,311,Schüpfen,c2,TRUE
312,312,Seedorf (BE),c2,TRUE
321,321,Aarwangen,c2,TRUE
322,322,Auswil,c2,TRUE
323,323,Bannwil,c2,TRUE
324,324,Bleienbach,c2,TRUE
325,325,Busswil bei Melchnau,c2,TRUE
326,326,Gondiswil,c2,TRUE
329,329,Langenthal,c2,TRUE
331,331,Lotzwil,c2,TRUE
332,332,Madiswil,c2,TRUE
333,333,Melchnau,c2,TRUE
334,334,Obersteckholz,c2,TRUE
335,335,Oeschenbach,c2,TRUE
336,336,Reisiswil,c2,TRUE
337,337,Roggwil (BE),c2,TRUE
338,338,Rohrbach,c2,TRUE
339,339,Rohrbachgraben,c2,TRUE
340,340,Rütschelen,c2,TRUE
341,341,Schwarzhäusern,c2,TRUE
342,342,Thunstetten,c2,TRUE
344,344,Ursenbach,c2,TRUE
345,345,Wynau,c2,TRUE
351,351,Bern,c2,TRUE
352,352,Bolligen,c2,TRUE
353,353,Bremgarten bei Bern,c2,TRUE
354,354,Kirchlindach,c2,TRUE
355,355,Köniz,c2,TRUE
356,356,Muri bei Bern,c2,TRUE
357,357,Oberbalm,c2,TRUE
358,358,Stettlen,c2,TRUE
359,359,Vechigen,c2,TRUE
360,360,Wohlen bei Bern,c2,TRUE
361,361,Zollikofen,c2,TRUE
362,362,Ittigen,c2,TRUE
363,363,Ostermundigen,c2,TRUE
371,371,Biel/Bienne,c2,TRUE
372,372,Evilard,c2,TRUE
381,381,Arch,c2,TRUE
382,382,Büetigen,c2,TRUE
383,383,Büren an der Aare,c2,TRUE
385,385,Diessbach bei Büren,c2,TRUE
386,386,Dotzigen,c2,TRUE
387,387,Lengnau (BE),c2,TRUE
388,388,Leuzigen,c2,TRUE
389,389,Meienried,c2,TRUE
390,390,Meinisberg,c2,TRUE
391,391,Oberwil bei Büren,c2,TRUE
392,392,Pieterlen,c2,TRUE
393,393,Rüti bei Büren,c2,TRUE
394,394,Wengi,c2,TRUE
401,401,Aefligen,c2,TRUE
402,402,Alchenstorf,c2,TRUE
403,403,Bäriswil,c2,TRUE
404,404,Burgdorf,c2,TRUE
405,405,Ersigen,c2,TRUE
406,406,Hasle bei Burgdorf,c2,TRUE
407,407,Heimiswil,c2,TRUE
408,408,Hellsau,c2,TRUE
409,409,Hindelbank,c2,TRUE
410,410,Höchstetten,c2,TRUE
411,411,Kernenried,c2,TRUE
412,412,Kirchberg (BE),c2,TRUE
413,413,Koppigen,c2,TRUE
414,414,Krauchthal,c2,TRUE
415,415,Lyssach,c2,TRUE
416,416,Mötschwil,c2,TRUE
418,418,Oberburg,c2,TRUE
420,420,Rüdtligen-Alchenflüh,c2,TRUE
421,421,Rumendingen,c2,TRUE
422,422,Rüti bei Lyssach,c2,TRUE
423,423,Willadingen,c2,TRUE
424,424,Wynigen,c2,TRUE
431,431,Corgémont,c2,TRUE
432,432,Cormoret,c2,TRUE
433,433,Cortébert,c2,TRUE
434,434,Courtelary,c2,TRUE
435,435,La Ferrière,c2,TRUE
437,437,Mont-Tramelan,c2,TRUE
438,438,Orvin,c2,TRUE
441,441,Renan (BE),c2,TRUE
442,442,Romont (BE),c2,TRUE
443,443,Saint-Imier,c2,TRUE
444,444,Sonceboz-Sombeval,c2,TRUE
445,445,Sonvilier,c2,TRUE
446,446,Tramelan,c2,TRUE
448,448,Villeret,c2,TRUE
449,449,Sauge,c2,TRUE
450,450,Péry-La Heutte,c2,TRUE
491,491,Brüttelen,c2,TRUE
492,492,Erlach,c2,TRUE
493,493,Finsterhennen,c2,TRUE
494,494,Gals,c2,TRUE
495,495,Gampelen,c2,TRUE
496,496,Ins,c2,TRUE
497,497,Lüscherz,c2,TRUE
498,498,Müntschemier,c2,TRUE
499,499,Siselen,c2,TRUE
500,500,Treiten,c2,TRUE
501,501,Tschugg,c2,TRUE
502,502,Vinelz,c2,TRUE
533,533,Bätterkinden,c2,TRUE
535,535,Deisswil bei Münchenbuchsee,c2,TRUE
536,536,Diemerswil,c2,TRUE
538,538,Fraubrunnen,c2,TRUE
540,540,Jegenstorf,c2,TRUE
541,541,Iffwil,c2,TRUE
543,543,Mattstetten,c2,TRUE
544,544,Moosseedorf,c2,TRUE
546,546,Münchenbuchsee,c2,TRUE
551,551,Urtenen-Schönbühl,c2,TRUE
552,552,Utzenstorf,c2,TRUE
553,553,Wiggiswil,c2,TRUE
554,554,Wiler bei Utzenstorf,c2,TRUE
556,556,Zielebach,c2,TRUE
557,557,Zuzwil (BE),c2,TRUE
561,561,Adelboden,c2,TRUE
562,562,Aeschi bei Spiez,c2,TRUE
563,563,Frutigen,c2,TRUE
564,564,Kandergrund,c2,TRUE
565,565,Kandersteg,c2,TRUE
566,566,Krattigen,c2,TRUE
567,567,Reichenbach im Kandertal,c2,TRUE
571,571,Beatenberg,c2,TRUE
572,572,Bönigen,c2,TRUE
573,573,Brienz (BE),c2,TRUE
574,574,Brienzwiler,c2,TRUE
575,575,Därligen,c2,TRUE
576,576,Grindelwald,c2,TRUE
577,577,Gsteigwiler,c2,TRUE
578,578,Gündlischwand,c2,TRUE
579,579,Habkern,c2,TRUE
580,580,Hofstetten bei Brienz,c2,TRUE
581,581,Interlaken,c2,TRUE
582,582,Iseltwald,c2,TRUE
584,584,Lauterbrunnen,c2,TRUE
585,585,Leissigen,c2,TRUE
586,586,Lütschental,c2,TRUE
587,587,Matten bei Interlaken,c2,TRUE
588,588,Niederried bei Interlaken,c2,TRUE
589,589,Oberried am Brienzersee,c2,TRUE
590,590,Ringgenberg (BE),c2,TRUE
591,591,Saxeten,c2,TRUE
592,592,Schwanden bei Brienz,c2,TRUE
593,593,Unterseen,c2,TRUE
594,594,Wilderswil,c2,TRUE
602,602,Arni (BE),c2,TRUE
603,603,Biglen,c2,TRUE
605,605,Bowil,c2,TRUE
606,606,Brenzikofen,c2,TRUE
607,607,Freimettigen,c2,TRUE
608,608,Grosshöchstetten,c2,TRUE
609,609,Häutligen,c2,TRUE
610,610,Herbligen,c2,TRUE
611,611,Kiesen,c2,TRUE
612,612,Konolfingen,c2,TRUE
613,613,Landiswil,c2,TRUE
614,614,Linden,c2,TRUE
615,615,Mirchel,c2,TRUE
616,616,Münsingen,c2,TRUE
617,617,Niederhünigen,c2,TRUE
619,619,Oberdiessbach,c2,TRUE
620,620,Oberthal,c2,TRUE
622,622,Oppligen,c2,TRUE
623,623,Rubigen,c2,TRUE
626,626,Walkringen,c2,TRUE
627,627,Worb,c2,TRUE
628,628,Zäziwil,c2,TRUE
629,629,Oberhünigen,c2,TRUE
630,630,Allmendingen,c2,TRUE
632,632,Wichtrach,c2,TRUE
661,661,Clavaleyres,c2,TRUE
662,662,Ferenbalm,c2,TRUE
663,663,Frauenkappelen,c2,TRUE
665,665,Gurbrü,c2,TRUE
666,666,Kriechenwil,c2,TRUE
667,667,Laupen,c2,TRUE
668,668,Mühleberg,c2,TRUE
669,669,Münchenwiler,c2,TRUE
670,670,Neuenegg,c2,TRUE
671,671,Wileroltigen,c2,TRUE
681,681,Belprahon,c2,TRUE
683,683,Champoz,c2,TRUE
687,687,Corcelles (BE),c2,TRUE
690,690,Court,c2,TRUE
691,691,Crémines,c2,TRUE
692,692,Eschert,c2,TRUE
694,694,Grandval,c2,TRUE
696,696,Loveresse,c2,TRUE
700,700,Moutier,c2,TRUE
701,701,Perrefitte,c2,TRUE
703,703,Reconvilier,c2,TRUE
704,704,Roches (BE),c2,TRUE
706,706,Saicourt,c2,TRUE
707,707,Saules (BE),c2,TRUE
708,708,Schelten,c2,TRUE
709,709,Seehof,c2,TRUE
711,711,Sorvilier,c2,TRUE
713,713,Tavannes,c2,TRUE
715,715,Rebévelier,c2,TRUE
716,716,Petit-Val,c2,TRUE
717,717,Valbirse,c2,TRUE
723,723,La Neuveville,c2,TRUE
724,724,Nods,c2,TRUE
726,726,Plateau de Diesse,c2,TRUE
731,731,Aegerten,c2,TRUE
732,732,Bellmund,c2,TRUE
733,733,Brügg,c2,TRUE
734,734,Bühl,c2,TRUE
735,735,Epsach,c2,TRUE
736,736,Hagneck,c2,TRUE
737,737,Hermrigen,c2,TRUE
738,738,Jens,c2,TRUE
739,739,Ipsach,c2,TRUE
740,740,Ligerz,c2,TRUE
741,741,Merzligen,c2,TRUE
742,742,Mörigen,c2,TRUE
743,743,Nidau,c2,TRUE
744,744,Orpund,c2,TRUE
745,745,Port,c2,TRUE
746,746,Safnern,c2,TRUE
747,747,Scheuren,c2,TRUE
748,748,Schwadernau,c2,TRUE
749,749,Studen (BE),c2,TRUE
750,750,Sutz-Lattrigen,c2,TRUE
751,751,Täuffelen,c2,TRUE
754,754,Walperswil,c2,TRUE
755,755,Worben,c2,TRUE
756,756,Twann-Tüscherz,c2,TRUE
761,761,Därstetten,c2,TRUE
762,762,Diemtigen,c2,TRUE
763,763,Erlenbach im Simmental,c2,TRUE
766,766,Oberwil im Simmental,c2,TRUE
767,767,Reutigen,c2,TRUE
768,768,Spiez,c2,TRUE
769,769,Wimmis,c2,TRUE
770,770,Stocken-Höfen,c2,TRUE
782,782,Guttannen,c2,TRUE
783,783,Hasliberg,c2,TRUE
784,784,Innertkirchen,c2,TRUE
785,785,Meiringen,c2,TRUE
786,786,Schattenhalb,c2,TRUE
791,791,Boltigen,c2,TRUE
792,792,Lenk,c2,TRUE
793,793,St. Stephan,c2,TRUE
794,794,Zweisimmen,c2,TRUE
841,841,Gsteig,c2,TRUE
842,842,Lauenen,c2,TRUE
843,843,Saanen,c2,TRUE
852,852,Guggisberg,c2,TRUE
853,853,Rüschegg,c2,TRUE
855,855,Schwarzenburg,c2,TRUE
861,861,Belp,c2,TRUE
863,863,Burgistein,c2,TRUE
866,866,Gerzensee,c2,TRUE
867,867,Gurzelen,c2,TRUE
868,868,Jaberg,c2,TRUE
869,869,Kaufdorf,c2,TRUE
870,870,Kehrsatz,c2,TRUE
872,872,Kirchdorf (BE),c2,TRUE
873,873,Kirchenthurnen,c2,TRUE
874,874,Lohnstorf,c2,TRUE
876,876,Mühlethurnen,c2,TRUE
877,877,Niedermuhlern,c2,TRUE
879,879,Riggisberg,c2,TRUE
880,880,Rüeggisberg,c2,TRUE
881,881,Rümligen,c2,TRUE
883,883,Seftigen,c2,TRUE
884,884,Toffen,c2,TRUE
885,885,Uttigen,c2,TRUE
886,886,Wattenwil,c2,TRUE
888,888,Wald (BE),c2,TRUE
901,901,Eggiwil,c2,TRUE
902,902,Langnau im Emmental,c2,TRUE
903,903,Lauperswil,c2,TRUE
904,904,Röthenbach im Emmental,c2,TRUE
905,905,Rüderswil,c2,TRUE
906,906,Schangnau,c2,TRUE
907,907,Signau,c2,TRUE
908,908,Trub,c2,TRUE
909,909,Trubschachen,c2,TRUE
921,921,Amsoldingen,c2,TRUE
922,922,Blumenstein,c2,TRUE
923,923,Buchholterberg,c2,TRUE
924,924,Eriz,c2,TRUE
925,925,Fahrni,c2,TRUE
927,927,Heiligenschwendi,c2,TRUE
928,928,Heimberg,c2,TRUE
929,929,Hilterfingen,c2,TRUE
931,931,Homberg,c2,TRUE
932,932,Horrenbach-Buchen,c2,TRUE
934,934,Oberhofen am Thunersee,c2,TRUE
935,935,Oberlangenegg,c2,TRUE
936,936,Pohlern,c2,TRUE
937,937,Schwendibach,c2,TRUE
938,938,Sigriswil,c2,TRUE
939,939,Steffisburg,c2,TRUE
940,940,Teuffenthal (BE),c2,TRUE
941,941,Thierachern,c2,TRUE
942,942,Thun,c2,TRUE
943,943,Uebeschi,c2,TRUE
944,944,Uetendorf,c2,TRUE
945,945,Unterlangenegg,c2,TRUE
946,946,Wachseldorn,c2,TRUE
947,947,Zwieselberg,c2,TRUE
948,948,Forst-Längenbühl,c2,TRUE
951,951,Affoltern im Emmental,c2,TRUE
952,952,Dürrenroth,c2,TRUE
953,953,Eriswil,c2,TRUE
954,954,Huttwil,c2,TRUE
955,955,Lützelflüh,c2,TRUE
956,956,Rüegsau,c2,TRUE
957,957,Sumiswald,c2,TRUE
958,958,Trachselwald,c2,TRUE
959,959,Walterswil (BE),c2,TRUE
960,960,Wyssachen,c2,TRUE
971,971,Attiswil,c2,TRUE
972,972,Berken,c2,TRUE
973,973,Bettenhausen,c2,TRUE
975,975,Farnern,c2,TRUE
976,976,Graben,c2,TRUE
977,977,Heimenhausen,c2,TRUE
979,979,Herzogenbuchsee,c2,TRUE
980,980,Inkwil,c2,TRUE
981,981,Niederbipp,c2,TRUE
982,982,Niederönz,c2,TRUE
983,983,Oberbipp,c2,TRUE
985,985,Ochlenberg,c2,TRUE
987,987,Rumisberg,c2,TRUE
988,988,Seeberg,c2,TRUE
989,989,Thörigen,c2,TRUE
990,990,Walliswil bei Niederbipp,c2,TRUE
991,991,Walliswil bei Wangen,c2,TRUE
992,992,Wangen an der Aare,c2,TRUE
993,993,Wangenried,c2,TRUE
995,995,Wiedlisbach,c2,TRUE
996,996,Wolfisberg,c2,TRUE
1001,1001,Doppleschwand,c3,TRUE
1002,1002,Entlebuch,c3,TRUE
1004,1004,Flühli,c3,TRUE
1005,1005,Hasle (LU),c3,TRUE
1007,1007,Romoos,c3,TRUE
1008,1008,Schüpfheim,c3,TRUE
1009,1009,Werthenstein,c3,TRUE
1010,1010,Escholzmatt-Marbach,c3,TRUE
1021,1021,Aesch (LU),c3,TRUE
1022,1022,Altwis,c3,TRUE
1023,1023,Ballwil,c3,TRUE
1024,1024,Emmen,c3,TRUE
1025,1025,Ermensee,c3,TRUE
1026,1026,Eschenbach (LU),c3,TRUE
1030,1030,Hitzkirch,c3,TRUE
1031,1031,Hochdorf,c3,TRUE
1032,1032,Hohenrain,c3,TRUE
1033,1033,Inwil,c3,TRUE
1037,1037,Rain,c3,TRUE
1039,1039,Römerswil,c3,TRUE
1040,1040,Rothenburg,c3,TRUE
1041,1041,Schongau,c3,TRUE
1051,1051,Adligenswil,c3,TRUE
1052,1052,Buchrain,c3,TRUE
1053,1053,Dierikon,c3,TRUE
1054,1054,Ebikon,c3,TRUE
1055,1055,Gisikon,c3,TRUE
1056,1056,Greppen,c3,TRUE
1057,1057,Honau,c3,TRUE
1058,1058,Horw,c3,TRUE
1059,1059,Kriens,c3,TRUE
1061,1061,Luzern,c3,TRUE
1062,1062,Malters,c3,TRUE
1063,1063,Meggen,c3,TRUE
1064,1064,Meierskappel,c3,TRUE
1065,1065,Root,c3,TRUE
1066,1066,Schwarzenberg,c3,TRUE
1067,1067,Udligenswil,c3,TRUE
1068,1068,Vitznau,c3,TRUE
1069,1069,Weggis,c3,TRUE
1081,1081,Beromünster,c3,TRUE
1082,1082,Büron,c3,TRUE
1083,1083,Buttisholz,c3,TRUE
1084,1084,Eich,c3,TRUE
1085,1085,Geuensee,c3,TRUE
1086,1086,Grosswangen,c3,TRUE
1088,1088,Hildisrieden,c3,TRUE
1089,1089,Knutwil,c3,TRUE
1091,1091,Mauensee,c3,TRUE
1093,1093,Neuenkirch,c3,TRUE
1094,1094,Nottwil,c3,TRUE
1095,1095,Oberkirch,c3,TRUE
1097,1097,Rickenbach (LU),c3,TRUE
1098,1098,Ruswil,c3,TRUE
1099,1099,Schenkon,c3,TRUE
1100,1100,Schlierbach,c3,TRUE
1102,1102,Sempach,c3,TRUE
1103,1103,Sursee,c3,TRUE
1104,1104,Triengen,c3,TRUE
1107,1107,Wolhusen,c3,TRUE
1121,1121,Alberswil,c3,TRUE
1122,1122,Altbüron,c3,TRUE
1123,1123,Altishofen,c3,TRUE
1125,1125,Dagmersellen,c3,TRUE
1126,1126,Ebersecken,c3,TRUE
1127,1127,Egolzwil,c3,TRUE
1128,1128,Ettiswil,c3,TRUE
1129,1129,Fischbach,c3,TRUE
1130,1130,Gettnau,c3,TRUE
1131,1131,Grossdietwil,c3,TRUE
1132,1132,Hergiswil bei Willisau,c3,TRUE
1135,1135,Luthern,c3,TRUE
1136,1136,Menznau,c3,TRUE
1137,1137,Nebikon,c3,TRUE
1139,1139,Pfaffnau,c3,TRUE
1140,1140,Reiden,c3,TRUE
1142,1142,Roggliswil,c3,TRUE
1143,1143,Schötz,c3,TRUE
1145,1145,Ufhusen,c3,TRUE
1146,1146,Wauwil,c3,TRUE
1147,1147,Wikon,c3,TRUE
1150,1150,Zell (LU),c3,TRUE
1151,1151,Willisau,c3,TRUE
1201,1201,Altdorf (UR),c4,TRUE
1202,1202,Andermatt,c4,TRUE
1203,1203,Attinghausen,c4,TRUE
1204,1204,Bauen,c4,TRUE
1205,1205,Bürglen (UR),c4,TRUE
1206,1206,Erstfeld,c4,TRUE
1207,1207,Flüelen,c4,TRUE
1208,1208,Göschenen,c4,TRUE
1209,1209,Gurtnellen,c4,TRUE
1210,1210,Hospental,c4,TRUE
1211,1211,Isenthal,c4,TRUE
1212,1212,Realp,c4,TRUE
1213,1213,Schattdorf,c4,TRUE
1214,1214,Seedorf (UR),c4,TRUE
1215,1215,Seelisberg,c4,TRUE
1216,1216,Silenen,c4,TRUE
1217,1217,Sisikon,c4,TRUE
1218,1218,Spiringen,c4,TRUE
1219,1219,Unterschächen,c4,TRUE
1220,1220,Wassen,c4,TRUE
1301,1301,Einsiedeln,c5,TRUE
1311,1311,Gersau,c5,TRUE
1321,1321,Feusisberg,c5,TRUE
1322,1322,Freienbach,c5,TRUE
1323,1323,Wollerau,c5,TRUE
1331,1331,Küssnacht (SZ),c5,TRUE
1341,1341,Altendorf,c5,TRUE
1342,1342,Galgenen,c5,TRUE
1343,1343,Innerthal,c5,TRUE
1344,1344,Lachen,c5,TRUE
1345,1345,Reichenburg,c5,TRUE
1346,1346,Schübelbach,c5,TRUE
1347,1347,Tuggen,c5,TRUE
1348,1348,Vorderthal,c5,TRUE
1349,1349,Wangen (SZ),c5,TRUE
1361,1361,Alpthal,c5,TRUE
1362,1362,Arth,c5,TRUE
1363,1363,Illgau,c5,TRUE
1364,1364,Ingenbohl,c5,TRUE
1365,1365,Lauerz,c5,TRUE
1366,1366,Morschach,c5,TRUE
1367,1367,Muotathal,c5,TRUE
1368,1368,Oberiberg,c5,TRUE
1369,1369,Riemenstalden,c5,TRUE
1370,1370,Rothenthurm,c5,TRUE
1371,1371,Sattel,c5,TRUE
1372,1372,Schwyz,c5,TRUE
1373,1373,Steinen,c5,TRUE
1374,1374,Steinerberg,c5,TRUE
1375,1375,Unteriberg,c5,TRUE
1401,1401,Alpnach,c6,TRUE
1402,1402,Engelberg,c6,TRUE
1403,1403,Giswil,c6,TRUE
1404,1404,Kerns,c6,TRUE
1405,1405,Lungern,c6,TRUE
1406,1406,Sachseln,c6,TRUE
1407,1407,Sarnen,c6,TRUE
1501,1501,Beckenried,c7,TRUE
1502,1502,Buochs,c7,TRUE
1503,1503,Dallenwil,c7,TRUE
1504,1504,Emmetten,c7,TRUE
1505,1505,Ennetbürgen,c7,TRUE
1506,1506,Ennetmoos,c7,TRUE
1507,1507,Hergiswil (NW),c7,TRUE
1508,1508,Oberdorf (NW),c7,TRUE
1509,1509,Stans,c7,TRUE
1510,1510,Stansstad,c7,TRUE
1511,1511,Wolfenschiessen,c7,TRUE
1630,1630,Glarus Nord,c8,TRUE
1631,1631,Glarus Süd,c8,TRUE
1632,1632,Glarus,c8,TRUE
1701,1701,Baar,c9,TRUE
1702,1702,Cham,c9,TRUE
1703,1703,Hünenberg,c9,TRUE
1704,1704,Menzingen,c9,TRUE
1705,1705,Neuheim,c9,TRUE
1706,1706,Oberägeri,c9,TRUE
1707,1707,Risch,c9,TRUE
1708,1708,Steinhausen,c9,TRUE
1709,1709,Unterägeri,c9,TRUE
1710,1710,Walchwil,c9,TRUE
1711,1711,Zug,c9,TRUE
2008,2008,Châtillon (FR),c10,TRUE
2009,2009,Cheiry,c10,TRUE
2011,2011,Cugy (FR),c10,TRUE
2016,2016,Fétigny,c10,TRUE
2022,2022,Gletterens,c10,TRUE
2025,2025,Lully (FR),c10,TRUE
2027,2027,Ménières,c10,TRUE
2029,2029,Montagny (FR),c10,TRUE
2035,2035,Nuvilly,c10,TRUE
2038,2038,Prévondavaux,c10,TRUE
2041,2041,Saint-Aubin (FR),c10,TRUE
2043,2043,Sévaz,c10,TRUE
2044,2044,Surpierre,c10,TRUE
2045,2045,Vallon,c10,TRUE
2050,2050,Les Montets,c10,TRUE
2051,2051,Delley-Portalban,c10,TRUE
2053,2053,Belmont-Broye,c10,TRUE
2054,2054,Estavayer,c10,TRUE
2055,2055,Cheyres-Châbles,c10,TRUE
2061,2061,Auboranges,c10,TRUE
2063,2063,Billens-Hennens,c10,TRUE
2066,2066,Chapelle (Glâne),c10,TRUE
2067,2067,Le Châtelard,c10,TRUE
2068,2068,Châtonnaye,c10,TRUE
2072,2072,Ecublens (FR),c10,TRUE
2079,2079,Grangettes,c10,TRUE
2086,2086,Massonnens,c10,TRUE
2087,2087,Mézières (FR),c10,TRUE
2089,2089,Montet (Glâne),c10,TRUE
2096,2096,Romont (FR),c10,TRUE
2097,2097,Rue,c10,TRUE
2099,2099,Siviriez,c10,TRUE
2102,2102,Ursy,c10,TRUE
2111,2111,Villaz-Saint-Pierre,c10,TRUE
2113,2113,Vuisternens-devant-Romont,c10,TRUE
2114,2114,Villorsonnens,c10,TRUE
2115,2115,Torny,c10,TRUE
2116,2116,La Folliaz,c10,TRUE
2121,2121,Haut-Intyamon,c10,TRUE
2122,2122,Pont-en-Ogoz,c10,TRUE
2123,2123,Botterens,c10,TRUE
2124,2124,Broc,c10,TRUE
2125,2125,Bulle,c10,TRUE
2128,2128,Châtel-sur-Montsalvens,c10,TRUE
2129,2129,Corbières,c10,TRUE
2130,2130,Crésuz,c10,TRUE
2131,2131,Echarlens,c10,TRUE
2134,2134,Grandvillard,c10,TRUE
2135,2135,Gruyères,c10,TRUE
2137,2137,Hauteville,c10,TRUE
2138,2138,Jaun,c10,TRUE
2140,2140,Marsens,c10,TRUE
2143,2143,Morlon,c10,TRUE
2145,2145,Le Pâquier (FR),c10,TRUE
2147,2147,Pont-la-Ville,c10,TRUE
2148,2148,Riaz,c10,TRUE
2149,2149,La Roche,c10,TRUE
2152,2152,Sâles,c10,TRUE
2153,2153,Sorens,c10,TRUE
2155,2155,Vaulruz,c10,TRUE
2160,2160,Vuadens,c10,TRUE
2162,2162,Bas-Intyamon,c10,TRUE
2163,2163,Val-de-Charmey,c10,TRUE
2171,2171,Arconciel,c10,TRUE
2173,2173,Autigny,c10,TRUE
2174,2174,Avry,c10,TRUE
2175,2175,Belfaux,c10,TRUE
2177,2177,Chénens,c10,TRUE
2183,2183,Corminboeuf,c10,TRUE
2185,2185,Corserey,c10,TRUE
2186,2186,Cottens (FR),c10,TRUE
2189,2189,Ependes (FR),c10,TRUE
2194,2194,Ferpicloz,c10,TRUE
2196,2196,Fribourg,c10,TRUE
2197,2197,Givisiez,c10,TRUE
2198,2198,Granges-Paccot,c10,TRUE
2200,2200,Grolley,c10,TRUE
2206,2206,Marly,c10,TRUE
2208,2208,Matran,c10,TRUE
2211,2211,Neyruz (FR),c10,TRUE
2213,2213,Noréaz,c10,TRUE
2216,2216,Pierrafortscha,c10,TRUE
2217,2217,Ponthaux,c10,TRUE
2220,2220,Le Mouret,c10,TRUE
2221,2221,Prez-vers-Noréaz,c10,TRUE
2225,2225,Senèdes,c10,TRUE
2226,2226,Treyvaux,c10,TRUE
2228,2228,Villars-sur-Glâne,c10,TRUE
2230,2230,Villarsel-sur-Marly,c10,TRUE
2233,2233,Hauterive (FR),c10,TRUE
2234,2234,La Brillaz,c10,TRUE
2235,2235,La Sonnaz,c10,TRUE
2236,2236,Gibloux,c10,TRUE
2250,2250,Courgevaux,c10,TRUE
2254,2254,Courtepin,c10,TRUE
2257,2257,Cressier (FR),c10,TRUE
2258,2258,Fräschels,c10,TRUE
2259,2259,Galmiz,c10,TRUE
2260,2260,Gempenach,c10,TRUE
2261,2261,Greng,c10,TRUE
2262,2262,Gurmels,c10,TRUE
2265,2265,Kerzers,c10,TRUE
2266,2266,Kleinbösingen,c10,TRUE
2271,2271,Meyriez,c10,TRUE
2272,2272,Misery-Courtion,c10,TRUE
2274,2274,Muntelier,c10,TRUE
2275,2275,Murten,c10,TRUE
2276,2276,Ried bei Kerzers,c10,TRUE
2278,2278,Ulmiz,c10,TRUE
2284,2284,Mont-Vully,c10,TRUE
2291,2291,Alterswil,c10,TRUE
2292,2292,Brünisried,c10,TRUE
2293,2293,Düdingen,c10,TRUE
2294,2294,Giffers,c10,TRUE
2295,2295,Bösingen,c10,TRUE
2296,2296,Heitenried,c10,TRUE
2299,2299,Plaffeien,c10,TRUE
2300,2300,Plasselb,c10,TRUE
2301,2301,Rechthalten,c10,TRUE
2302,2302,St. Antoni,c10,TRUE
2303,2303,St. Silvester,c10,TRUE
2304,2304,St. Ursen,c10,TRUE
2305,2305,Schmitten (FR),c10,TRUE
2306,2306,Tafers,c10,TRUE
2307,2307,Tentlingen,c10,TRUE
2308,2308,Ueberstorf,c10,TRUE
2309,2309,Wünnewil-Flamatt,c10,TRUE
2321,2321,Attalens,c10,TRUE
2323,2323,Bossonnens,c10,TRUE
2325,2325,Châtel-Saint-Denis,c10,TRUE
2328,2328,Granges (Veveyse),c10,TRUE
2333,2333,Remaufens,c10,TRUE
2335,2335,Saint-Martin (FR),c10,TRUE
2336,2336,Semsales,c10,TRUE
2337,2337,Le Flon,c10,TRUE
2338,2338,La Verrerie,c10,TRUE
2401,2401,Egerkingen,c11,TRUE
2402,2402,Härkingen,c11,TRUE
2403,2403,Kestenholz,c11,TRUE
2404,2404,Neuendorf,c11,TRUE
2405,2405,Niederbuchsiten,c11,TRUE
2406,2406,Oberbuchsiten,c11,TRUE
2407,2407,Oensingen,c11,TRUE
2408,2408,Wolfwil,c11,TRUE
2421,2421,Aedermannsdorf,c11,TRUE
2422,2422,Balsthal,c11,TRUE
2423,2423,Gänsbrunnen,c11,TRUE
2424,2424,Herbetswil,c11,TRUE
2425,2425,Holderbank (SO),c11,TRUE
2426,2426,Laupersdorf,c11,TRUE
2427,2427,Matzendorf,c11,TRUE
2428,2428,Mümliswil-Ramiswil,c11,TRUE
2429,2429,Welschenrohr,c11,TRUE
2445,2445,Biezwil,c11,TRUE
2455,2455,Lüterkofen-Ichertswil,c11,TRUE
2456,2456,Lüterswil-Gächliwil,c11,TRUE
2457,2457,Messen,c11,TRUE
2461,2461,Schnottwil,c11,TRUE
2463,2463,Unterramsern,c11,TRUE
2464,2464,Lüsslingen-Nennigkofen,c11,TRUE
2465,2465,Buchegg,c11,TRUE
2471,2471,Bättwil,c11,TRUE
2472,2472,Büren (SO),c11,TRUE
2473,2473,Dornach,c11,TRUE
2474,2474,Gempen,c11,TRUE
2475,2475,Hochwald,c11,TRUE
2476,2476,Hofstetten-Flüh,c11,TRUE
2477,2477,Metzerlen-Mariastein,c11,TRUE
2478,2478,Nuglar-St. Pantaleon,c11,TRUE
2479,2479,Rodersdorf,c11,TRUE
2480,2480,Seewen,c11,TRUE
2481,2481,Witterswil,c11,TRUE
2491,2491,Hauenstein-Ifenthal,c11,TRUE
2492,2492,Kienberg,c11,TRUE
2493,2493,Lostorf,c11,TRUE
2495,2495,Niedergösgen,c11,TRUE
2497,2497,Obergösgen,c11,TRUE
2498,2498,Rohr (SO),c11,TRUE
2499,2499,Stüsslingen,c11,TRUE
2500,2500,Trimbach,c11,TRUE
2501,2501,Winznau,c11,TRUE
2502,2502,Wisen (SO),c11,TRUE
2503,2503,Erlinsbach (SO),c11,TRUE
2511,2511,Aeschi (SO),c11,TRUE
2513,2513,Biberist,c11,TRUE
2514,2514,Bolken,c11,TRUE
2516,2516,Deitingen,c11,TRUE
2517,2517,Derendingen,c11,TRUE
2518,2518,Etziken,c11,TRUE
2519,2519,Gerlafingen,c11,TRUE
2520,2520,Halten,c11,TRUE
2523,2523,Horriwil,c11,TRUE
2524,2524,Hüniken,c11,TRUE
2525,2525,Kriegstetten,c11,TRUE
2526,2526,Lohn-Ammannsegg,c11,TRUE
2527,2527,Luterbach,c11,TRUE
2528,2528,Obergerlafingen,c11,TRUE
2529,2529,Oekingen,c11,TRUE
2530,2530,Recherswil,c11,TRUE
2532,2532,Subingen,c11,TRUE
2534,2534,Zuchwil,c11,TRUE
2535,2535,Drei Höfe,c11,TRUE
2541,2541,Balm bei Günsberg,c11,TRUE
2542,2542,Bellach,c11,TRUE
2543,2543,Bettlach,c11,TRUE
2544,2544,Feldbrunnen-St. Niklaus,c11,TRUE
2545,2545,Flumenthal,c11,TRUE
2546,2546,Grenchen,c11,TRUE
2547,2547,Günsberg,c11,TRUE
2548,2548,Hubersdorf,c11,TRUE
2549,2549,Kammersrohr,c11,TRUE
2550,2550,Langendorf,c11,TRUE
2551,2551,Lommiswil,c11,TRUE
2553,2553,Oberdorf (SO),c11,TRUE
2554,2554,Riedholz,c11,TRUE
2555,2555,Rüttenen,c11,TRUE
2556,2556,Selzach,c11,TRUE
2571,2571,Boningen,c11,TRUE
2572,2572,Däniken,c11,TRUE
2573,2573,Dulliken,c11,TRUE
2574,2574,Eppenberg-Wöschnau,c11,TRUE
2575,2575,Fulenbach,c11,TRUE
2576,2576,Gretzenbach,c11,TRUE
2578,2578,Gunzgen,c11,TRUE
2579,2579,Hägendorf,c11,TRUE
2580,2580,Kappel (SO),c11,TRUE
2581,2581,Olten,c11,TRUE
2582,2582,Rickenbach (SO),c11,TRUE
2583,2583,Schönenwerd,c11,TRUE
2584,2584,Starrkirch-Wil,c11,TRUE
2585,2585,Walterswil (SO),c11,TRUE
2586,2586,Wangen bei Olten,c11,TRUE
2601,2601,Solothurn,c11,TRUE
2611,2611,Bärschwil,c11,TRUE
2612,2612,Beinwil (SO),c11,TRUE
2613,2613,Breitenbach,c11,TRUE
2614,2614,Büsserach,c11,TRUE
2615,2615,Erschwil,c11,TRUE
2616,2616,Fehren,c11,TRUE
2617,2617,Grindel,c11,TRUE
2618,2618,Himmelried,c11,TRUE
2619,2619,Kleinlützel,c11,TRUE
2620,2620,Meltingen,c11,TRUE
2621,2621,Nunningen,c11,TRUE
2622,2622,Zullwil,c11,TRUE
2701,2701,Basel,c12,TRUE
2702,2702,Bettingen,c12,TRUE
2703,2703,Riehen,c12,TRUE
2761,2761,Aesch (BL),c13,TRUE
2762,2762,Allschwil,c13,TRUE
2763,2763,Arlesheim,c13,TRUE
2764,2764,Biel-Benken,c13,TRUE
2765,2765,Binningen,c13,TRUE
2766,2766,Birsfelden,c13,TRUE
2767,2767,Bottmingen,c13,TRUE
2768,2768,Ettingen,c13,TRUE
2769,2769,Münchenstein,c13,TRUE
2770,2770,Muttenz,c13,TRUE
2771,2771,Oberwil (BL),c13,TRUE
2772,2772,Pfeffingen,c13,TRUE
2773,2773,Reinach (BL),c13,TRUE
2774,2774,Schönenbuch,c13,TRUE
2775,2775,Therwil,c13,TRUE
2781,2781,Blauen,c13,TRUE
2782,2782,Brislach,c13,TRUE
2783,2783,Burg im Leimental,c13,TRUE
2784,2784,Dittingen,c13,TRUE
2785,2785,Duggingen,c13,TRUE
2786,2786,Grellingen,c13,TRUE
2787,2787,Laufen,c13,TRUE
2788,2788,Liesberg,c13,TRUE
2789,2789,Nenzlingen,c13,TRUE
2790,2790,Roggenburg,c13,TRUE
2791,2791,Röschenz,c13,TRUE
2792,2792,Wahlen,c13,TRUE
2793,2793,Zwingen,c13,TRUE
2821,2821,Arisdorf,c13,TRUE
2822,2822,Augst,c13,TRUE
2823,2823,Bubendorf,c13,TRUE
2824,2824,Frenkendorf,c13,TRUE
2825,2825,Füllinsdorf,c13,TRUE
2826,2826,Giebenach,c13,TRUE
2827,2827,Hersberg,c13,TRUE
2828,2828,Lausen,c13,TRUE
2829,2829,Liestal,c13,TRUE
2830,2830,Lupsingen,c13,TRUE
2831,2831,Pratteln,c13,TRUE
2832,2832,Ramlinsburg,c13,TRUE
2833,2833,Seltisberg,c13,TRUE
2834,2834,Ziefen,c13,TRUE
2841,2841,Anwil,c13,TRUE
2842,2842,Böckten,c13,TRUE
2843,2843,Buckten,c13,TRUE
2844,2844,Buus,c13,TRUE
2845,2845,Diepflingen,c13,TRUE
2846,2846,Gelterkinden,c13,TRUE
2847,2847,Häfelfingen,c13,TRUE
2848,2848,Hemmiken,c13,TRUE
2849,2849,Itingen,c13,TRUE
2850,2850,Känerkinden,c13,TRUE
2851,2851,Kilchberg (BL),c13,TRUE
2852,2852,Läufelfingen,c13,TRUE
2853,2853,Maisprach,c13,TRUE
2854,2854,Nusshof,c13,TRUE
2855,2855,Oltingen,c13,TRUE
2856,2856,Ormalingen,c13,TRUE
2857,2857,Rickenbach (BL),c13,TRUE
2858,2858,Rothenfluh,c13,TRUE
2859,2859,Rümlingen,c13,TRUE
2860,2860,Rünenberg,c13,TRUE
2861,2861,Sissach,c13,TRUE
2862,2862,Tecknau,c13,TRUE
2863,2863,Tenniken,c13,TRUE
2864,2864,Thürnen,c13,TRUE
2865,2865,Wenslingen,c13,TRUE
2866,2866,Wintersingen,c13,TRUE
2867,2867,Wittinsburg,c13,TRUE
2868,2868,Zeglingen,c13,TRUE
2869,2869,Zunzgen,c13,TRUE
2881,2881,Arboldswil,c13,TRUE
2882,2882,Bennwil,c13,TRUE
2883,2883,Bretzwil,c13,TRUE
2884,2884,Diegten,c13,TRUE
2885,2885,Eptingen,c13,TRUE
2886,2886,Hölstein,c13,TRUE
2887,2887,Lampenberg,c13,TRUE
2888,2888,Langenbruck,c13,TRUE
2889,2889,Lauwil,c13,TRUE
2890,2890,Liedertswil,c13,TRUE
2891,2891,Niederdorf,c13,TRUE
2892,2892,Oberdorf (BL),c13,TRUE
2893,2893,Reigoldswil,c13,TRUE
2894,2894,Titterten,c13,TRUE
2895,2895,Waldenburg,c13,TRUE
2901,2901,Gächlingen,c14,TRUE
2903,2903,Löhningen,c14,TRUE
2904,2904,Neunkirch,c14,TRUE
2914,2914,Büttenhardt,c14,TRUE
2915,2915,Dörflingen,c14,TRUE
2917,2917,Lohn (SH),c14,TRUE
2919,2919,Stetten (SH),c14,TRUE
2920,2920,Thayngen,c14,TRUE
2931,2931,Bargen (SH),c14,TRUE
2932,2932,Beringen,c14,TRUE
2933,2933,Buchberg,c14,TRUE
2936,2936,Merishausen,c14,TRUE
2937,2937,Neuhausen am Rheinfall,c14,TRUE
2938,2938,Rüdlingen,c14,TRUE
2939,2939,Schaffhausen,c14,TRUE
2951,2951,Beggingen,c14,TRUE
2952,2952,Schleitheim,c14,TRUE
2953,2953,Siblingen,c14,TRUE
2961,2961,Buch (SH),c14,TRUE
2962,2962,Hemishofen,c14,TRUE
2963,2963,Ramsen,c14,TRUE
2964,2964,Stein am Rhein,c14,TRUE
2971,2971,Hallau,c14,TRUE
2972,2972,Oberhallau,c14,TRUE
2973,2973,Trasadingen,c14,TRUE
2974,2974,Wilchingen,c14,TRUE
3001,3001,Herisau,c15,TRUE
3002,3002,Hundwil,c15,TRUE
3003,3003,Schönengrund,c15,TRUE
3004,3004,Schwellbrunn,c15,TRUE
3005,3005,Stein (AR),c15,TRUE
3006,3006,Urnäsch,c15,TRUE
3007,3007,Waldstatt,c15,TRUE
3021,3021,Bühler,c15,TRUE
3022,3022,Gais,c15,TRUE
3023,3023,Speicher,c15,TRUE
3024,3024,Teufen (AR),c15,TRUE
3025,3025,Trogen,c15,TRUE
3031,3031,Grub (AR),c15,TRUE
3032,3032,Heiden,c15,TRUE
3033,3033,Lutzenberg,c15,TRUE
3034,3034,Rehetobel,c15,TRUE
3035,3035,Reute (AR),c15,TRUE
3036,3036,Wald (AR),c15,TRUE
3037,3037,Walzenhausen,c15,TRUE
3038,3038,Wolfhalden,c15,TRUE
3101,3101,Appenzell,c16,TRUE
3102,3102,Gonten,c16,TRUE
3103,3103,Rüte,c16,TRUE
3104,3104,Schlatt-Haslen,c16,TRUE
3105,3105,Schwende,c16,TRUE
3111,3111,Oberegg,c16,TRUE
3201,3201,Häggenschwil,c17,TRUE
3202,3202,Muolen,c17,TRUE
3203,3203,St. Gallen,c17,TRUE
3204,3204,Wittenbach,c17,TRUE
3211,3211,Berg (SG),c17,TRUE
3212,3212,Eggersriet,c17,TRUE
3213,3213,Goldach,c17,TRUE
3214,3214,Mörschwil,c17,TRUE
3215,3215,Rorschach,c17,TRUE
3216,3216,Rorschacherberg,c17,TRUE
3217,3217,Steinach,c17,TRUE
3218,3218,Tübach,c17,TRUE
3219,3219,Untereggen,c17,TRUE
3231,3231,Au (SG),c17,TRUE
3232,3232,Balgach,c17,TRUE
3233,3233,Berneck,c17,TRUE
3234,3234,Diepoldsau,c17,TRUE
3235,3235,Rheineck,c17,TRUE
3236,3236,St. Margrethen,c17,TRUE
3237,3237,Thal,c17,TRUE
3238,3238,Widnau,c17,TRUE
3251,3251,Altstätten,c17,TRUE
3252,3252,Eichberg,c17,TRUE
3253,3253,Marbach (SG),c17,TRUE
3254,3254,Oberriet (SG),c17,TRUE
3255,3255,Rebstein,c17,TRUE
3256,3256,Rüthi (SG),c17,TRUE
3271,3271,Buchs (SG),c17,TRUE
3272,3272,Gams,c17,TRUE
3273,3273,Grabs,c17,TRUE
3274,3274,Sennwald,c17,TRUE
3275,3275,Sevelen,c17,TRUE
3276,3276,Wartau,c17,TRUE
3291,3291,Bad Ragaz,c17,TRUE
3292,3292,Flums,c17,TRUE
3293,3293,Mels,c17,TRUE
3294,3294,Pfäfers,c17,TRUE
3295,3295,Quarten,c17,TRUE
3296,3296,Sargans,c17,TRUE
3297,3297,Vilters-Wangs,c17,TRUE
3298,3298,Walenstadt,c17,TRUE
3311,3311,Amden,c17,TRUE
3312,3312,Benken (SG),c17,TRUE
3313,3313,Kaltbrunn,c17,TRUE
3315,3315,Schänis,c17,TRUE
3316,3316,Weesen,c17,TRUE
3338,3338,Schmerikon,c17,TRUE
3339,3339,Uznach,c17,TRUE
3340,3340,Rapperswil-Jona,c17,TRUE
3341,3341,Gommiswald,c17,TRUE
3342,3342,Eschenbach (SG),c17,TRUE
3352,3352,Ebnat-Kappel,c17,TRUE
3359,3359,Wildhaus-Alt St. Johann,c17,TRUE
3360,3360,Nesslau,c17,TRUE
3372,3372,Hemberg,c17,TRUE
3374,3374,Lichtensteig,c17,TRUE
3375,3375,Oberhelfenschwil,c17,TRUE
3378,3378,Neckertal,c17,TRUE
3379,3379,Wattwil,c17,TRUE
3392,3392,Kirchberg (SG),c17,TRUE
3393,3393,Lütisburg,c17,TRUE
3394,3394,Mosnang,c17,TRUE
3395,3395,Bütschwil-Ganterschwil,c17,TRUE
3401,3401,Degersheim,c17,TRUE
3402,3402,Flawil,c17,TRUE
3405,3405,Jonschwil,c17,TRUE
3407,3407,Oberuzwil,c17,TRUE
3408,3408,Uzwil,c17,TRUE
3422,3422,Niederbüren,c17,TRUE
3423,3423,Niederhelfenschwil,c17,TRUE
3424,3424,Oberbüren,c17,TRUE
3426,3426,Zuzwil (SG),c17,TRUE
3427,3427,Wil (SG),c17,TRUE
3441,3441,Andwil (SG),c17,TRUE
3442,3442,Gaiserwald,c17,TRUE
3443,3443,Gossau (SG),c17,TRUE
3444,3444,Waldkirch,c17,TRUE
3506,3506,Vaz/Obervaz,c18,TRUE
3513,3513,Lantsch/Lenz,c18,TRUE
3514,3514,Schmitten (GR),c18,TRUE
3542,3542,Albula/Alvra,c18,TRUE
3543,3543,Surses,c18,TRUE
3544,3544,Bergün Filisur,c18,TRUE
3551,3551,Brusio,c18,TRUE
3561,3561,Poschiavo,c18,TRUE
3572,3572,Falera,c18,TRUE
3575,3575,Laax,c18,TRUE
3581,3581,Sagogn,c18,TRUE
3582,3582,Schluein,c18,TRUE
3603,3603,Vals,c18,TRUE
3618,3618,Lumnezia,c18,TRUE
3619,3619,Ilanz/Glion,c18,TRUE
3633,3633,Fürstenau,c18,TRUE
3637,3637,Rothenbrunnen,c18,TRUE
3638,3638,Scharans,c18,TRUE
3640,3640,Sils im Domleschg,c18,TRUE
3661,3661,Cazis,c18,TRUE
3662,3662,Flerden,c18,TRUE
3663,3663,Masein,c18,TRUE
3668,3668,Thusis,c18,TRUE
3669,3669,Tschappina,c18,TRUE
3670,3670,Urmein,c18,TRUE
3672,3672,Safiental,c18,TRUE
3673,3673,Domleschg,c18,TRUE
3681,3681,Avers,c18,TRUE
3695,3695,Sufers,c18,TRUE
3701,3701,Andeer,c18,TRUE
3703,3703,Casti-Wergenstein,c18,TRUE
3705,3705,Donat,c18,TRUE
3707,3707,Lohn (GR),c18,TRUE
3708,3708,Mathon,c18,TRUE
3711,3711,Rongellen,c18,TRUE
3712,3712,Zillis-Reischen,c18,TRUE
3713,3713,Ferrera,c18,TRUE
3714,3714,Rheinwald,c18,TRUE
3721,3721,Bonaduz,c18,TRUE
3722,3722,Domat/Ems,c18,TRUE
3723,3723,Rhäzüns,c18,TRUE
3731,3731,Felsberg,c18,TRUE
3732,3732,Flims,c18,TRUE
3733,3733,Tamins,c18,TRUE
3734,3734,Trin,c18,TRUE
3746,3746,Zernez,c18,TRUE
3752,3752,Samnaun,c18,TRUE
3762,3762,Scuol,c18,TRUE
3764,3764,Valsot,c18,TRUE
3781,3781,Bever,c18,TRUE
3782,3782,Celerina/Schlarigna,c18,TRUE
3783,3783,Madulain,c18,TRUE
3784,3784,Pontresina,c18,TRUE
3785,3785,La Punt-Chamues-ch,c18,TRUE
3786,3786,Samedan,c18,TRUE
3787,3787,St. Moritz,c18,TRUE
3788,3788,S-chanf,c18,TRUE
3789,3789,Sils im Engadin/Segl,c18,TRUE
3790,3790,Silvaplana,c18,TRUE
3791,3791,Zuoz,c18,TRUE
3792,3792,Bregaglia,c18,TRUE
3804,3804,Buseno,c18,TRUE
3805,3805,Castaneda,c18,TRUE
3808,3808,Rossa,c18,TRUE
3810,3810,Santa Maria in Calanca,c18,TRUE
3821,3821,Lostallo,c18,TRUE
3822,3822,Mesocco,c18,TRUE
3823,3823,Soazza,c18,TRUE
3831,3831,Cama,c18,TRUE
3832,3832,Grono,c18,TRUE
3834,3834,Roveredo (GR),c18,TRUE
3835,3835,San Vittore,c18,TRUE
3837,3837,Calanca,c18,TRUE
3847,3847,Val Müstair,c18,TRUE
3851,3851,Davos,c18,TRUE
3861,3861,Fideris,c18,TRUE
3862,3862,Furna,c18,TRUE
3863,3863,Jenaz,c18,TRUE
3871,3871,Klosters-Serneus,c18,TRUE
3881,3881,Conters im Prättigau,c18,TRUE
3882,3882,Küblis,c18,TRUE
3891,3891,Luzein,c18,TRUE
3901,3901,Chur,c18,TRUE
3911,3911,Churwalden,c18,TRUE
3921,3921,Arosa,c18,TRUE
3926,3926,Maladers,c18,TRUE
3932,3932,Tschiertschen-Praden,c18,TRUE
3941,3941,Haldenstein,c18,TRUE
3945,3945,Trimmis,c18,TRUE
3946,3946,Untervaz,c18,TRUE
3947,3947,Zizers,c18,TRUE
3951,3951,Fläsch,c18,TRUE
3952,3952,Jenins,c18,TRUE
3953,3953,Maienfeld,c18,TRUE
3954,3954,Malans,c18,TRUE
3955,3955,Landquart,c18,TRUE
3961,3961,Grüsch,c18,TRUE
3962,3962,Schiers,c18,TRUE
3972,3972,Seewis im Prättigau,c18,TRUE
3981,3981,Breil/Brigels,c18,TRUE
3982,3982,Disentis/Mustér,c18,TRUE
3983,3983,Medel (Lucmagn),c18,TRUE
3985,3985,Sumvitg,c18,TRUE
3986,3986,Tujetsch,c18,TRUE
3987,3987,Trun,c18,TRUE
3988,3988,Obersaxen Mundaun,c18,TRUE
4001,4001,Aarau,c19,TRUE
4002,4002,Biberstein,c19,TRUE
4003,4003,Buchs (AG),c19,TRUE
4004,4004,Densbüren,c19,TRUE
4005,4005,Erlinsbach (AG),c19,TRUE
4006,4006,Gränichen,c19,TRUE
4007,4007,Hirschthal,c19,TRUE
4008,4008,Küttigen,c19,TRUE
4009,4009,Muhen,c19,TRUE
4010,4010,Oberentfelden,c19,TRUE
4012,4012,Suhr,c19,TRUE
4013,4013,Unterentfelden,c19,TRUE
4021,4021,Baden,c19,TRUE
4022,4022,Bellikon,c19,TRUE
4023,4023,Bergdietikon,c19,TRUE
4024,4024,Birmenstorf (AG),c19,TRUE
4026,4026,Ennetbaden,c19,TRUE
4027,4027,Fislisbach,c19,TRUE
4028,4028,Freienwil,c19,TRUE
4029,4029,Gebenstorf,c19,TRUE
4030,4030,Killwangen,c19,TRUE
4031,4031,Künten,c19,TRUE
4032,4032,Mägenwil,c19,TRUE
4033,4033,Mellingen,c19,TRUE
4034,4034,Neuenhof,c19,TRUE
4035,4035,Niederrohrdorf,c19,TRUE
4037,4037,Oberrohrdorf,c19,TRUE
4038,4038,Obersiggenthal,c19,TRUE
4039,4039,Remetschwil,c19,TRUE
4040,4040,Spreitenbach,c19,TRUE
4041,4041,Stetten (AG),c19,TRUE
4042,4042,Turgi,c19,TRUE
4044,4044,Untersiggenthal,c19,TRUE
4045,4045,Wettingen,c19,TRUE
4046,4046,Wohlenschwil,c19,TRUE
4047,4047,Würenlingen,c19,TRUE
4048,4048,Würenlos,c19,TRUE
4049,4049,Ehrendingen,c19,TRUE
4061,4061,Arni (AG),c19,TRUE
4062,4062,Berikon,c19,TRUE
4063,4063,Bremgarten (AG),c19,TRUE
4064,4064,Büttikon,c19,TRUE
4065,4065,Dottikon,c19,TRUE
4066,4066,Eggenwil,c19,TRUE
4067,4067,Fischbach-Göslikon,c19,TRUE
4068,4068,Hägglingen,c19,TRUE
4071,4071,Jonen,c19,TRUE
4072,4072,Niederwil (AG),c19,TRUE
4073,4073,Oberlunkhofen,c19,TRUE
4074,4074,Oberwil-Lieli,c19,TRUE
4075,4075,Rudolfstetten-Friedlisberg,c19,TRUE
4076,4076,Sarmenstorf,c19,TRUE
4077,4077,Tägerig,c19,TRUE
4078,4078,Uezwil,c19,TRUE
4079,4079,Unterlunkhofen,c19,TRUE
4080,4080,Villmergen,c19,TRUE
4081,4081,Widen,c19,TRUE
4082,4082,Wohlen (AG),c19,TRUE
4083,4083,Zufikon,c19,TRUE
4084,4084,Islisberg,c19,TRUE
4091,4091,Auenstein,c19,TRUE
4092,4092,Birr,c19,TRUE
4093,4093,Birrhard,c19,TRUE
4094,4094,Bözen,c19,TRUE
4095,4095,Brugg,c19,TRUE
4096,4096,Effingen,c19,TRUE
4097,4097,Elfingen,c19,TRUE
4099,4099,Habsburg,c19,TRUE
4100,4100,Hausen (AG),c19,TRUE
4104,4104,Lupfig,c19,TRUE
4105,4105,Mandach,c19,TRUE
4106,4106,Mönthal,c19,TRUE
4107,4107,Mülligen,c19,TRUE
4110,4110,Remigen,c19,TRUE
4111,4111,Riniken,c19,TRUE
4112,4112,Rüfenach,c19,TRUE
4114,4114,Schinznach-Bad,c19,TRUE
4117,4117,Thalheim (AG),c19,TRUE
4120,4120,Veltheim (AG),c19,TRUE
4121,4121,Villigen,c19,TRUE
4122,4122,Villnachern,c19,TRUE
4123,4123,Windisch,c19,TRUE
4124,4124,Bözberg,c19,TRUE
4125,4125,Schinznach,c19,TRUE
4131,4131,Beinwil am See,c19,TRUE
4132,4132,Birrwil,c19,TRUE
4133,4133,Burg (AG),c19,TRUE
4134,4134,Dürrenäsch,c19,TRUE
4135,4135,Gontenschwil,c19,TRUE
4136,4136,Holziken,c19,TRUE
4137,4137,Leimbach (AG),c19,TRUE
4138,4138,Leutwil,c19,TRUE
4139,4139,Menziken,c19,TRUE
4140,4140,Oberkulm,c19,TRUE
4141,4141,Reinach (AG),c19,TRUE
4142,4142,Schlossrued,c19,TRUE
4143,4143,Schmiedrued,c19,TRUE
4144,4144,Schöftland,c19,TRUE
4145,4145,Teufenthal (AG),c19,TRUE
4146,4146,Unterkulm,c19,TRUE
4147,4147,Zetzwil,c19,TRUE
4161,4161,Eiken,c19,TRUE
4163,4163,Frick,c19,TRUE
4164,4164,Gansingen,c19,TRUE
4165,4165,Gipf-Oberfrick,c19,TRUE
4166,4166,Herznach,c19,TRUE
4167,4167,Hornussen,c19,TRUE
4169,4169,Kaisten,c19,TRUE
4170,4170,Laufenburg,c19,TRUE
4172,4172,Münchwilen (AG),c19,TRUE
4173,4173,Oberhof,c19,TRUE
4175,4175,Oeschgen,c19,TRUE
4176,4176,Schwaderloch,c19,TRUE
4177,4177,Sisseln,c19,TRUE
4179,4179,Ueken,c19,TRUE
4181,4181,Wittnau,c19,TRUE
4182,4182,Wölflinswil,c19,TRUE
4183,4183,Zeihen,c19,TRUE
4184,4184,Mettauertal,c19,TRUE
4191,4191,Ammerswil,c19,TRUE
4192,4192,Boniswil,c19,TRUE
4193,4193,Brunegg,c19,TRUE
4194,4194,Dintikon,c19,TRUE
4195,4195,Egliswil,c19,TRUE
4196,4196,Fahrwangen,c19,TRUE
4197,4197,Hallwil,c19,TRUE
4198,4198,Hendschiken,c19,TRUE
4199,4199,Holderbank (AG),c19,TRUE
4200,4200,Hunzenschwil,c19,TRUE
4201,4201,Lenzburg,c19,TRUE
4202,4202,Meisterschwanden,c19,TRUE
4203,4203,Möriken-Wildegg,c19,TRUE
4204,4204,Niederlenz,c19,TRUE
4205,4205,Othmarsingen,c19,TRUE
4206,4206,Rupperswil,c19,TRUE
4207,4207,Schafisheim,c19,TRUE
4208,4208,Seengen,c19,TRUE
4209,4209,Seon,c19,TRUE
4210,4210,Staufen,c19,TRUE
4221,4221,Abtwil,c19,TRUE
4222,4222,Aristau,c19,TRUE
4223,4223,Auw,c19,TRUE
4224,4224,Beinwil (Freiamt),c19,TRUE
4226,4226,Besenbüren,c19,TRUE
4227,4227,Bettwil,c19,TRUE
4228,4228,Boswil,c19,TRUE
4229,4229,Bünzen,c19,TRUE
4230,4230,Buttwil,c19,TRUE
4231,4231,Dietwil,c19,TRUE
4232,4232,Geltwil,c19,TRUE
4233,4233,Kallern,c19,TRUE
4234,4234,Merenschwand,c19,TRUE
4235,4235,Mühlau,c19,TRUE
4236,4236,Muri (AG),c19,TRUE
4237,4237,Oberrüti,c19,TRUE
4238,4238,Rottenschwil,c19,TRUE
4239,4239,Sins,c19,TRUE
4240,4240,Waltenschwil,c19,TRUE
4251,4251,Hellikon,c19,TRUE
4252,4252,Kaiseraugst,c19,TRUE
4253,4253,Magden,c19,TRUE
4254,4254,Möhlin,c19,TRUE
4255,4255,Mumpf,c19,TRUE
4256,4256,Obermumpf,c19,TRUE
4257,4257,Olsberg,c19,TRUE
4258,4258,Rheinfelden,c19,TRUE
4259,4259,Schupfart,c19,TRUE
4260,4260,Stein (AG),c19,TRUE
4261,4261,Wallbach,c19,TRUE
4262,4262,Wegenstetten,c19,TRUE
4263,4263,Zeiningen,c19,TRUE
4264,4264,Zuzgen,c19,TRUE
4271,4271,Aarburg,c19,TRUE
4273,4273,Bottenwil,c19,TRUE
4274,4274,Brittnau,c19,TRUE
4275,4275,Kirchleerau,c19,TRUE
4276,4276,Kölliken,c19,TRUE
4277,4277,Moosleerau,c19,TRUE
4279,4279,Murgenthal,c19,TRUE
4280,4280,Oftringen,c19,TRUE
4281,4281,Reitnau,c19,TRUE
4282,4282,Rothrist,c19,TRUE
4283,4283,Safenwil,c19,TRUE
4284,4284,Staffelbach,c19,TRUE
4285,4285,Strengelbach,c19,TRUE
4286,4286,Uerkheim,c19,TRUE
4287,4287,Vordemwald,c19,TRUE
4288,4288,Wiliberg,c19,TRUE
4289,4289,Zofingen,c19,TRUE
4301,4301,Baldingen,c19,TRUE
4302,4302,Böbikon,c19,TRUE
4303,4303,Böttstein,c19,TRUE
4304,4304,Döttingen,c19,TRUE
4305,4305,Endingen,c19,TRUE
4306,4306,Fisibach,c19,TRUE
4307,4307,Full-Reuenthal,c19,TRUE
4308,4308,Kaiserstuhl,c19,TRUE
4309,4309,Klingnau,c19,TRUE
4310,4310,Koblenz,c19,TRUE
4311,4311,Leibstadt,c19,TRUE
4312,4312,Lengnau (AG),c19,TRUE
4313,4313,Leuggern,c19,TRUE
4314,4314,Mellikon,c19,TRUE
4315,4315,Rekingen (AG),c19,TRUE
4316,4316,Rietheim,c19,TRUE
4317,4317,Rümikon,c19,TRUE
4318,4318,Schneisingen,c19,TRUE
4319,4319,Siglistorf,c19,TRUE
4320,4320,Tegerfelden,c19,TRUE
4322,4322,Wislikofen,c19,TRUE
4323,4323,Bad Zurzach,c19,TRUE
4401,4401,Arbon,c20,TRUE
4406,4406,Dozwil,c20,TRUE
4411,4411,Egnach,c20,TRUE
4416,4416,Hefenhofen,c20,TRUE
4421,4421,Horn,c20,TRUE
4426,4426,Kesswil,c20,TRUE
4431,4431,Roggwil (TG),c20,TRUE
4436,4436,Romanshorn,c20,TRUE
4441,4441,Salmsach,c20,TRUE
4446,4446,Sommeri,c20,TRUE
4451,4451,Uttwil,c20,TRUE
4461,4461,Amriswil,c20,TRUE
4471,4471,Bischofszell,c20,TRUE
4476,4476,Erlen,c20,TRUE
4486,4486,Hauptwil-Gottshaus,c20,TRUE
4495,4495,Hohentannen,c20,TRUE
4501,4501,Kradolf-Schönenberg,c20,TRUE
4506,4506,Sulgen,c20,TRUE
4511,4511,Zihlschlacht-Sitterdorf,c20,TRUE
4536,4536,Basadingen-Schlattingen,c20,TRUE
4545,4545,Diessenhofen,c20,TRUE
4546,4546,Schlatt (TG),c20,TRUE
4551,4551,Aadorf,c20,TRUE
4561,4561,Felben-Wellhausen,c20,TRUE
4566,4566,Frauenfeld,c20,TRUE
4571,4571,Gachnang,c20,TRUE
4590,4590,Hüttlingen,c20,TRUE
4591,4591,Matzingen,c20,TRUE
4601,4601,Neunforn,c20,TRUE
4606,4606,Stettfurt,c20,TRUE
4611,4611,Thundorf,c20,TRUE
4616,4616,Uesslingen-Buch,c20,TRUE
4621,4621,Warth-Weiningen,c20,TRUE
4641,4641,Altnau,c20,TRUE
4643,4643,Bottighofen,c20,TRUE
4646,4646,Ermatingen,c20,TRUE
4651,4651,Gottlieben,c20,TRUE
4656,4656,Güttingen,c20,TRUE
4666,4666,Kemmental,c20,TRUE
4671,4671,Kreuzlingen,c20,TRUE
4681,4681,Langrickenbach,c20,TRUE
4683,4683,Lengwil,c20,TRUE
4691,4691,Münsterlingen,c20,TRUE
4696,4696,Tägerwilen,c20,TRUE
4701,4701,Wäldi,c20,TRUE
4711,4711,Affeltrangen,c20,TRUE
4716,4716,Bettwiesen,c20,TRUE
4721,4721,Bichelsee-Balterswil,c20,TRUE
4723,4723,Braunau,c20,TRUE
4724,4724,Eschlikon,c20,TRUE
4726,4726,Fischingen,c20,TRUE
4741,4741,Lommis,c20,TRUE
4746,4746,Münchwilen (TG),c20,TRUE
4751,4751,Rickenbach (TG),c20,TRUE
4756,4756,Schönholzerswilen,c20,TRUE
4761,4761,Sirnach,c20,TRUE
4776,4776,Tobel-Tägerschen,c20,TRUE
4781,4781,Wängi,c20,TRUE
4786,4786,Wilen (TG),c20,TRUE
4791,4791,Wuppenau,c20,TRUE
4801,4801,Berlingen,c20,TRUE
4806,4806,Eschenz,c20,TRUE
4811,4811,Herdern,c20,TRUE
4816,4816,Homburg,c20,TRUE
4821,4821,Hüttwilen,c20,TRUE
4826,4826,Mammern,c20,TRUE
4831,4831,Müllheim,c20,TRUE
4841,4841,Pfyn,c20,TRUE
4846,4846,Raperswilen,c20,TRUE
4851,4851,Salenstein,c20,TRUE
4864,4864,Steckborn,c20,TRUE
4871,4871,Wagenhausen,c20,TRUE
4881,4881,Amlikon-Bissegg,c20,TRUE
4891,4891,Berg (TG),c20,TRUE
4901,4901,Birwinken,c20,TRUE
4911,4911,Bürglen (TG),c20,TRUE
4921,4921,Bussnang,c20,TRUE
4941,4941,Märstetten,c20,TRUE
4946,4946,Weinfelden,c20,TRUE
4951,4951,Wigoltingen,c20,TRUE
5001,5001,Arbedo-Castione,c21,TRUE
5002,5002,Bellinzona,c21,TRUE
5003,5003,Cadenazzo,c21,TRUE
5009,5009,Isone,c21,TRUE
5010,5010,Lumino,c21,TRUE
5017,5017,Sant'Antonino,c21,TRUE
5048,5048,Acquarossa,c21,TRUE
5049,5049,Blenio,c21,TRUE
5050,5050,Serravalle,c21,TRUE
5061,5061,Airolo,c21,TRUE
5063,5063,Bedretto,c21,TRUE
5064,5064,Bodio,c21,TRUE
5071,5071,Dalpe,c21,TRUE
5072,5072,Faido,c21,TRUE
5073,5073,Giornico,c21,TRUE
5076,5076,Personico,c21,TRUE
5077,5077,Pollegio,c21,TRUE
5078,5078,Prato (Leventina),c21,TRUE
5079,5079,Quinto,c21,TRUE
5091,5091,Ascona,c21,TRUE
5095,5095,Brione (Verzasca),c21,TRUE
5096,5096,Brione sopra Minusio,c21,TRUE
5097,5097,Brissago,c21,TRUE
5102,5102,Corippo,c21,TRUE
5105,5105,Frasco,c21,TRUE
5108,5108,Gordola,c21,TRUE
5112,5112,Lavertezzo,c21,TRUE
5113,5113,Locarno,c21,TRUE
5115,5115,Losone,c21,TRUE
5117,5117,Mergoscia,c21,TRUE
5118,5118,Minusio,c21,TRUE
5120,5120,Muralto,c21,TRUE
5121,5121,Orselina,c21,TRUE
5125,5125,Ronco sopra Ascona,c21,TRUE
5129,5129,Sonogno,c21,TRUE
5131,5131,Tenero-Contra,c21,TRUE
5135,5135,Vogorno,c21,TRUE
5136,5136,Onsernone,c21,TRUE
5138,5138,Cugnasco-Gerra,c21,TRUE
5141,5141,Agno,c21,TRUE
5143,5143,Aranno,c21,TRUE
5144,5144,Arogno,c21,TRUE
5146,5146,Astano,c21,TRUE
5148,5148,Bedano,c21,TRUE
5149,5149,Bedigliora,c21,TRUE
5151,5151,Bioggio,c21,TRUE
5154,5154,Bissone,c21,TRUE
5160,5160,Brusino Arsizio,c21,TRUE
5161,5161,Cademario,c21,TRUE
5162,5162,Cadempino,c21,TRUE
5167,5167,Canobbio,c21,TRUE
5171,5171,Caslano,c21,TRUE
5176,5176,Comano,c21,TRUE
5178,5178,Croglio,c21,TRUE
5180,5180,Cureglia,c21,TRUE
5181,5181,Curio,c21,TRUE
5186,5186,Grancia,c21,TRUE
5187,5187,Gravesano,c21,TRUE
5189,5189,Lamone,c21,TRUE
5192,5192,Lugano,c21,TRUE
5193,5193,Magliaso,c21,TRUE
5194,5194,Manno,c21,TRUE
5195,5195,Maroggia,c21,TRUE
5196,5196,Massagno,c21,TRUE
5197,5197,Melano,c21,TRUE
5198,5198,Melide,c21,TRUE
5199,5199,Mezzovico-Vira,c21,TRUE
5200,5200,Miglieglia,c21,TRUE
5202,5202,Monteggio,c21,TRUE
5203,5203,Morcote,c21,TRUE
5205,5205,Muzzano,c21,TRUE
5206,5206,Neggio,c21,TRUE
5207,5207,Novaggio,c21,TRUE
5208,5208,Origlio,c21,TRUE
5210,5210,Paradiso,c21,TRUE
5212,5212,Ponte Capriasca,c21,TRUE
5213,5213,Ponte Tresa,c21,TRUE
5214,5214,Porza,c21,TRUE
5216,5216,Pura,c21,TRUE
5219,5219,Rovio,c21,TRUE
5221,5221,Savosa,c21,TRUE
5222,5222,Sessa,c21,TRUE
5225,5225,Sorengo,c21,TRUE
5226,5226,Capriasca,c21,TRUE
5227,5227,Torricella-Taverne,c21,TRUE
5230,5230,Vernate,c21,TRUE
5231,5231,Vezia,c21,TRUE
5233,5233,Vico Morcote,c21,TRUE
5236,5236,Collina d'Oro,c21,TRUE
5237,5237,Alto Malcantone,c21,TRUE
5238,5238,Monteceneri,c21,TRUE
5242,5242,Balerna,c21,TRUE
5249,5249,Castel San Pietro,c21,TRUE
5250,5250,Chiasso,c21,TRUE
5251,5251,Coldrerio,c21,TRUE
5254,5254,Mendrisio,c21,TRUE
5257,5257,Morbio Inferiore,c21,TRUE
5260,5260,Novazzano,c21,TRUE
5263,5263,Riva San Vitale,c21,TRUE
5266,5266,Stabio,c21,TRUE
5268,5268,Vacallo,c21,TRUE
5269,5269,Breggia,c21,TRUE
5281,5281,Biasca,c21,TRUE
5287,5287,Riviera,c21,TRUE
5304,5304,Bosco/Gurin,c21,TRUE
5307,5307,Campo (Vallemaggia),c21,TRUE
5309,5309,Cerentino,c21,TRUE
5310,5310,Cevio,c21,TRUE
5315,5315,Linescio,c21,TRUE
5317,5317,Maggia,c21,TRUE
5323,5323,Lavizzara,c21,TRUE
5324,5324,Avegno Gordevio,c21,TRUE
5396,5396,Terre di Pedemonte,c21,TRUE
5397,5397,Centovalli,c21,TRUE
5398,5398,Gambarogno,c21,TRUE
5401,5401,Aigle,c22,TRUE
5402,5402,Bex,c22,TRUE
5403,5403,Chessel,c22,TRUE
5404,5404,Corbeyrier,c22,TRUE
5405,5405,Gryon,c22,TRUE
5406,5406,Lavey-Morcles,c22,TRUE
5407,5407,Leysin,c22,TRUE
5408,5408,Noville,c22,TRUE
5409,5409,Ollon,c22,TRUE
5410,5410,Ormont-Dessous,c22,TRUE
5411,5411,Ormont-Dessus,c22,TRUE
5412,5412,Rennaz,c22,TRUE
5413,5413,Roche (VD),c22,TRUE
5414,5414,Villeneuve (VD),c22,TRUE
5415,5415,Yvorne,c22,TRUE
5421,5421,Apples,c22,TRUE
5422,5422,Aubonne,c22,TRUE
5423,5423,Ballens,c22,TRUE
5424,5424,Berolle,c22,TRUE
5425,5425,Bière,c22,TRUE
5426,5426,Bougy-Villars,c22,TRUE
5427,5427,Féchy,c22,TRUE
5428,5428,Gimel,c22,TRUE
5429,5429,Longirod,c22,TRUE
5430,5430,Marchissy,c22,TRUE
5431,5431,Mollens (VD),c22,TRUE
5432,5432,Montherod,c22,TRUE
5434,5434,Saint-George,c22,TRUE
5435,5435,Saint-Livres,c22,TRUE
5436,5436,Saint-Oyens,c22,TRUE
5437,5437,Saubraz,c22,TRUE
5451,5451,Avenches,c22,TRUE
5456,5456,Cudrefin,c22,TRUE
5458,5458,Faoug,c22,TRUE
5464,5464,Vully-les-Lacs,c22,TRUE
5471,5471,Bettens,c22,TRUE
5472,5472,Bournens,c22,TRUE
5473,5473,Boussens,c22,TRUE
5474,5474,La Chaux (Cossonay),c22,TRUE
5475,5475,Chavannes-le-Veyron,c22,TRUE
5476,5476,Chevilly,c22,TRUE
5477,5477,Cossonay,c22,TRUE
5478,5478,Cottens (VD),c22,TRUE
5479,5479,Cuarnens,c22,TRUE
5480,5480,Daillens,c22,TRUE
5481,5481,Dizy,c22,TRUE
5482,5482,Eclépens,c22,TRUE
5483,5483,Ferreyres,c22,TRUE
5484,5484,Gollion,c22,TRUE
5485,5485,Grancy,c22,TRUE
5486,5486,L'Isle,c22,TRUE
5487,5487,Lussery-Villars,c22,TRUE
5488,5488,Mauraz,c22,TRUE
5489,5489,Mex (VD),c22,TRUE
5490,5490,Moiry,c22,TRUE
5491,5491,Mont-la-Ville,c22,TRUE
5492,5492,Montricher,c22,TRUE
5493,5493,Orny,c22,TRUE
5494,5494,Pampigny,c22,TRUE
5495,5495,Penthalaz,c22,TRUE
5496,5496,Penthaz,c22,TRUE
5497,5497,Pompaples,c22,TRUE
5498,5498,La Sarraz,c22,TRUE
5499,5499,Senarclens,c22,TRUE
5500,5500,Sévery,c22,TRUE
5501,5501,Sullens,c22,TRUE
5503,5503,Vufflens-la-Ville,c22,TRUE
5511,5511,Assens,c22,TRUE
5512,5512,Bercher,c22,TRUE
5513,5513,Bioley-Orjulaz,c22,TRUE
5514,5514,Bottens,c22,TRUE
5515,5515,Bretigny-sur-Morrens,c22,TRUE
5516,5516,Cugy (VD),c22,TRUE
5518,5518,Echallens,c22,TRUE
5520,5520,Essertines-sur-Yverdon,c22,TRUE
5521,5521,Etagnières,c22,TRUE
5522,5522,Fey,c22,TRUE
5523,5523,Froideville,c22,TRUE
5527,5527,Morrens (VD),c22,TRUE
5529,5529,Oulens-sous-Echallens,c22,TRUE
5530,5530,Pailly,c22,TRUE
5531,5531,Penthéréaz,c22,TRUE
5533,5533,Poliez-Pittet,c22,TRUE
5534,5534,Rueyres,c22,TRUE
5535,5535,Saint-Barthélemy (VD),c22,TRUE
5537,5537,Villars-le-Terroir,c22,TRUE
5539,5539,Vuarrens,c22,TRUE
5540,5540,Montilliez,c22,TRUE
5541,5541,Goumoëns,c22,TRUE
5551,5551,Bonvillars,c22,TRUE
5552,5552,Bullet,c22,TRUE
5553,5553,Champagne,c22,TRUE
5554,5554,Concise,c22,TRUE
5555,5555,Corcelles-près-Concise,c22,TRUE
5556,5556,Fiez,c22,TRUE
5557,5557,Fontaines-sur-Grandson,c22,TRUE
5559,5559,Giez,c22,TRUE
5560,5560,Grandevent,c22,TRUE
5561,5561,Grandson,c22,TRUE
5562,5562,Mauborget,c22,TRUE
5563,5563,Mutrux,c22,TRUE
5564,5564,Novalles,c22,TRUE
5565,5565,Onnens (VD),c22,TRUE
5566,5566,Provence,c22,TRUE
5568,5568,Sainte-Croix,c22,TRUE
5571,5571,Tévenon,c22,TRUE
5581,5581,Belmont-sur-Lausanne,c22,TRUE
5582,5582,Cheseaux-sur-Lausanne,c22,TRUE
5583,5583,Crissier,c22,TRUE
5584,5584,Epalinges,c22,TRUE
5585,5585,Jouxtens-Mézery,c22,TRUE
5586,5586,Lausanne,c22,TRUE
5587,5587,Le Mont-sur-Lausanne,c22,TRUE
5588,5588,Paudex,c22,TRUE
5589,5589,Prilly,c22,TRUE
5590,5590,Pully,c22,TRUE
5591,5591,Renens (VD),c22,TRUE
5592,5592,Romanel-sur-Lausanne,c22,TRUE
5601,5601,Chexbres,c22,TRUE
5604,5604,Forel (Lavaux),c22,TRUE
5606,5606,Lutry,c22,TRUE
5607,5607,Puidoux,c22,TRUE
5609,5609,Rivaz,c22,TRUE
5610,5610,Saint-Saphorin (Lavaux),c22,TRUE
5611,5611,Savigny,c22,TRUE
5613,5613,Bourg-en-Lavaux,c22,TRUE
5621,5621,Aclens,c22,TRUE
5622,5622,Bremblens,c22,TRUE
5623,5623,Buchillon,c22,TRUE
5624,5624,Bussigny,c22,TRUE
5625,5625,Bussy-Chardonney,c22,TRUE
5627,5627,Chavannes-près-Renens,c22,TRUE
5628,5628,Chigny,c22,TRUE
5629,5629,Clarmont,c22,TRUE
5631,5631,Denens,c22,TRUE
5632,5632,Denges,c22,TRUE
5633,5633,Echandens,c22,TRUE
5634,5634,Echichens,c22,TRUE
5635,5635,Ecublens (VD),c22,TRUE
5636,5636,Etoy,c22,TRUE
5637,5637,Lavigny,c22,TRUE
5638,5638,Lonay,c22,TRUE
5639,5639,Lully (VD),c22,TRUE
5640,5640,Lussy-sur-Morges,c22,TRUE
5642,5642,Morges,c22,TRUE
5643,5643,Préverenges,c22,TRUE
5644,5644,Reverolle,c22,TRUE
5645,5645,Romanel-sur-Morges,c22,TRUE
5646,5646,Saint-Prex,c22,TRUE
5648,5648,Saint-Sulpice (VD),c22,TRUE
5649,5649,Tolochenaz,c22,TRUE
5650,5650,Vaux-sur-Morges,c22,TRUE
5651,5651,Villars-Sainte-Croix,c22,TRUE
5652,5652,Villars-sous-Yens,c22,TRUE
5653,5653,Vufflens-le-Château,c22,TRUE
5654,5654,Vullierens,c22,TRUE
5655,5655,Yens,c22,TRUE
5661,5661,Boulens,c22,TRUE
5663,5663,Bussy-sur-Moudon,c22,TRUE
5665,5665,Chavannes-sur-Moudon,c22,TRUE
5669,5669,Curtilles,c22,TRUE
5671,5671,Dompierre (VD),c22,TRUE
5673,5673,Hermenches,c22,TRUE
5674,5674,Lovatens,c22,TRUE
5675,5675,Lucens,c22,TRUE
5678,5678,Moudon,c22,TRUE
5680,5680,Ogens,c22,TRUE
5683,5683,Prévonloup,c22,TRUE
5684,5684,Rossenges,c22,TRUE
5688,5688,Syens,c22,TRUE
5690,5690,Villars-le-Comte,c22,TRUE
5692,5692,Vucherens,c22,TRUE
5693,5693,Montanaire,c22,TRUE
5701,5701,Arnex-sur-Nyon,c22,TRUE
5702,5702,Arzier-Le Muids,c22,TRUE
5703,5703,Bassins,c22,TRUE
5704,5704,Begnins,c22,TRUE
5705,5705,Bogis-Bossey,c22,TRUE
5706,5706,Borex,c22,TRUE
5707,5707,Chavannes-de-Bogis,c22,TRUE
5708,5708,Chavannes-des-Bois,c22,TRUE
5709,5709,Chéserex,c22,TRUE
5710,5710,Coinsins,c22,TRUE
5711,5711,Commugny,c22,TRUE
5712,5712,Coppet,c22,TRUE
5713,5713,Crans-près-Céligny,c22,TRUE
5714,5714,Crassier,c22,TRUE
5715,5715,Duillier,c22,TRUE
5716,5716,Eysins,c22,TRUE
5717,5717,Founex,c22,TRUE
5718,5718,Genolier,c22,TRUE
5719,5719,Gingins,c22,TRUE
5720,5720,Givrins,c22,TRUE
5721,5721,Gland,c22,TRUE
5722,5722,Grens,c22,TRUE
5723,5723,Mies,c22,TRUE
5724,5724,Nyon,c22,TRUE
5725,5725,Prangins,c22,TRUE
5726,5726,La Rippe,c22,TRUE
5727,5727,Saint-Cergue,c22,TRUE
5728,5728,Signy-Avenex,c22,TRUE
5729,5729,Tannay,c22,TRUE
5730,5730,Trélex,c22,TRUE
5731,5731,Le Vaud,c22,TRUE
5732,5732,Vich,c22,TRUE
5741,5741,L'Abergement,c22,TRUE
5742,5742,Agiez,c22,TRUE
5743,5743,Arnex-sur-Orbe,c22,TRUE
5744,5744,Ballaigues,c22,TRUE
5745,5745,Baulmes,c22,TRUE
5746,5746,Bavois,c22,TRUE
5747,5747,Bofflens,c22,TRUE
5748,5748,Bretonnières,c22,TRUE
5749,5749,Chavornay,c22,TRUE
5750,5750,Les Clées,c22,TRUE
5752,5752,Croy,c22,TRUE
5754,5754,Juriens,c22,TRUE
5755,5755,Lignerolle,c22,TRUE
5756,5756,Montcherand,c22,TRUE
5757,5757,Orbe,c22,TRUE
5758,5758,La Praz,c22,TRUE
5759,5759,Premier,c22,TRUE
5760,5760,Rances,c22,TRUE
5761,5761,Romainmôtier-Envy,c22,TRUE
5762,5762,Sergey,c22,TRUE
5763,5763,Valeyres-sous-Rances,c22,TRUE
5764,5764,Vallorbe,c22,TRUE
5765,5765,Vaulion,c22,TRUE
5766,5766,Vuiteboeuf,c22,TRUE
5785,5785,Corcelles-le-Jorat,c22,TRUE
5788,5788,Essertes,c22,TRUE
5790,5790,Maracon,c22,TRUE
5792,5792,Montpreveyres,c22,TRUE
5798,5798,Ropraz,c22,TRUE
5799,5799,Servion,c22,TRUE
5803,5803,Vulliens,c22,TRUE
5804,5804,Jorat-Menthue,c22,TRUE
5805,5805,Oron,c22,TRUE
5806,5806,Jorat-Mézières,c22,TRUE
5812,5812,Champtauroz,c22,TRUE
5813,5813,Chevroux,c22,TRUE
5816,5816,Corcelles-près-Payerne,c22,TRUE
5817,5817,Grandcour,c22,TRUE
5819,5819,Henniez,c22,TRUE
5821,5821,Missy,c22,TRUE
5822,5822,Payerne,c22,TRUE
5827,5827,Trey,c22,TRUE
5828,5828,Treytorrens (Payerne),c22,TRUE
5830,5830,Villarzel,c22,TRUE
5831,5831,Valbroye,c22,TRUE
5841,5841,Château-d'Oex,c22,TRUE
5842,5842,Rossinière,c22,TRUE
5843,5843,Rougemont,c22,TRUE
5851,5851,Allaman,c22,TRUE
5852,5852,Bursinel,c22,TRUE
5853,5853,Bursins,c22,TRUE
5854,5854,Burtigny,c22,TRUE
5855,5855,Dully,c22,TRUE
5856,5856,Essertines-sur-Rolle,c22,TRUE
5857,5857,Gilly,c22,TRUE
5858,5858,Luins,c22,TRUE
5859,5859,Mont-sur-Rolle,c22,TRUE
5860,5860,Perroy,c22,TRUE
5861,5861,Rolle,c22,TRUE
5862,5862,Tartegnin,c22,TRUE
5863,5863,Vinzel,c22,TRUE
5871,5871,L'Abbaye,c22,TRUE
5872,5872,Le Chenit,c22,TRUE
5873,5873,Le Lieu,c22,TRUE
5881,5881,Blonay,c22,TRUE
5882,5882,Chardonne,c22,TRUE
5883,5883,Corseaux,c22,TRUE
5884,5884,Corsier-sur-Vevey,c22,TRUE
5885,5885,Jongny,c22,TRUE
5886,5886,Montreux,c22,TRUE
5888,5888,Saint-Légier-La Chiésaz,c22,TRUE
5889,5889,La Tour-de-Peilz,c22,TRUE
5890,5890,Vevey,c22,TRUE
5891,5891,Veytaux,c22,TRUE
5902,5902,Belmont-sur-Yverdon,c22,TRUE
5903,5903,Bioley-Magnoux,c22,TRUE
5904,5904,Chamblon,c22,TRUE
5905,5905,Champvent,c22,TRUE
5907,5907,Chavannes-le-Chêne,c22,TRUE
5908,5908,Chêne-Pâquier,c22,TRUE
5909,5909,Cheseaux-Noréaz,c22,TRUE
5910,5910,Cronay,c22,TRUE
5911,5911,Cuarny,c22,TRUE
5912,5912,Démoret,c22,TRUE
5913,5913,Donneloye,c22,TRUE
5914,5914,Ependes (VD),c22,TRUE
5919,5919,Mathod,c22,TRUE
5921,5921,Molondin,c22,TRUE
5922,5922,Montagny-près-Yverdon,c22,TRUE
5923,5923,Oppens,c22,TRUE
5924,5924,Orges,c22,TRUE
5925,5925,Orzens,c22,TRUE
5926,5926,Pomy,c22,TRUE
5928,5928,Rovray,c22,TRUE
5929,5929,Suchy,c22,TRUE
5930,5930,Suscévaz,c22,TRUE
5931,5931,Treycovagnes,c22,TRUE
5932,5932,Ursins,c22,TRUE
5933,5933,Valeyres-sous-Montagny,c22,TRUE
5934,5934,Valeyres-sous-Ursins,c22,TRUE
5935,5935,Villars-Epeney,c22,TRUE
5937,5937,Vugelles-La Mothe,c22,TRUE
5938,5938,Yverdon-les-Bains,c22,TRUE
5939,5939,Yvonand,c22,TRUE
6002,6002,Brig-Glis,c23,TRUE
6004,6004,Eggerberg,c23,TRUE
6007,6007,Naters,c23,TRUE
6008,6008,Ried-Brig,c23,TRUE
6009,6009,Simplon,c23,TRUE
6010,6010,Termen,c23,TRUE
6011,6011,Zwischbergen,c23,TRUE
6021,6021,Ardon,c23,TRUE
6022,6022,Chamoson,c23,TRUE
6023,6023,Conthey,c23,TRUE
6024,6024,Nendaz,c23,TRUE
6025,6025,Vétroz,c23,TRUE
6031,6031,Bagnes,c23,TRUE
6032,6032,Bourg-Saint-Pierre,c23,TRUE
6033,6033,Liddes,c23,TRUE
6034,6034,Orsières,c23,TRUE
6035,6035,Sembrancher,c23,TRUE
6036,6036,Vollèges,c23,TRUE
6052,6052,Bellwald,c23,TRUE
6054,6054,Binn,c23,TRUE
6056,6056,Ernen,c23,TRUE
6057,6057,Fiesch,c23,TRUE
6058,6058,Fieschertal,c23,TRUE
6061,6061,Lax,c23,TRUE
6076,6076,Obergoms,c23,TRUE
6077,6077,Goms,c23,TRUE
6082,6082,Ayent,c23,TRUE
6083,6083,Evolène,c23,TRUE
6084,6084,Hérémence,c23,TRUE
6087,6087,Saint-Martin (VS),c23,TRUE
6089,6089,Vex,c23,TRUE
6090,6090,Mont-Noble,c23,TRUE
6101,6101,Agarn,c23,TRUE
6102,6102,Albinen,c23,TRUE
6104,6104,Ergisch,c23,TRUE
6109,6109,Inden,c23,TRUE
6110,6110,Leuk,c23,TRUE
6111,6111,Leukerbad,c23,TRUE
6112,6112,Oberems,c23,TRUE
6113,6113,Salgesch,c23,TRUE
6116,6116,Varen,c23,TRUE
6117,6117,Guttet-Feschel,c23,TRUE
6118,6118,Gampel-Bratsch,c23,TRUE
6119,6119,Turtmann-Unterems,c23,TRUE
6131,6131,Bovernier,c23,TRUE
6132,6132,Charrat,c23,TRUE
6133,6133,Fully,c23,TRUE
6134,6134,Isérables,c23,TRUE
6135,6135,Leytron,c23,TRUE
6136,6136,Martigny,c23,TRUE
6137,6137,Martigny-Combe,c23,TRUE
6139,6139,Riddes,c23,TRUE
6140,6140,Saillon,c23,TRUE
6141,6141,Saxon,c23,TRUE
6142,6142,Trient,c23,TRUE
6151,6151,Champéry,c23,TRUE
6152,6152,Collombey-Muraz,c23,TRUE
6153,6153,Monthey,c23,TRUE
6154,6154,Port-Valais,c23,TRUE
6155,6155,Saint-Gingolph,c23,TRUE
6156,6156,Troistorrents,c23,TRUE
6157,6157,Val-d'Illiez,c23,TRUE
6158,6158,Vionnaz,c23,TRUE
6159,6159,Vouvry,c23,TRUE
6172,6172,Bister,c23,TRUE
6173,6173,Bitsch,c23,TRUE
6177,6177,Grengiols,c23,TRUE
6181,6181,Riederalp,c23,TRUE
6191,6191,Ausserberg,c23,TRUE
6192,6192,Blatten,c23,TRUE
6193,6193,Bürchen,c23,TRUE
6194,6194,Eischoll,c23,TRUE
6195,6195,Ferden,c23,TRUE
6197,6197,Kippel,c23,TRUE
6198,6198,Niedergesteln,c23,TRUE
6199,6199,Raron,c23,TRUE
6201,6201,Unterbäch,c23,TRUE
6202,6202,Wiler (Lötschen),c23,TRUE
6203,6203,Mörel-Filet,c23,TRUE
6204,6204,Steg-Hohtenn,c23,TRUE
6205,6205,Bettmeralp,c23,TRUE
6211,6211,Collonges,c23,TRUE
6212,6212,Dorénaz,c23,TRUE
6213,6213,Evionnaz,c23,TRUE
6214,6214,Finhaut,c23,TRUE
6215,6215,Massongex,c23,TRUE
6217,6217,Saint-Maurice,c23,TRUE
6218,6218,Salvan,c23,TRUE
6219,6219,Vernayaz,c23,TRUE
6220,6220,Vérossaz,c23,TRUE
6232,6232,Chalais,c23,TRUE
6235,6235,Chippis,c23,TRUE
6238,6238,Grône,c23,TRUE
6239,6239,Icogne,c23,TRUE
6240,6240,Lens,c23,TRUE
6241,6241,Miège,c23,TRUE
6246,6246,Saint-Léonard,c23,TRUE
6248,6248,Sierre,c23,TRUE
6249,6249,Venthône,c23,TRUE
6250,6250,Veyras,c23,TRUE
6252,6252,Anniviers,c23,TRUE
6253,6253,Crans-Montana,c23,TRUE
6261,6261,Arbaz,c23,TRUE
6263,6263,Grimisuat,c23,TRUE
6265,6265,Savièse,c23,TRUE
6266,6266,Sion,c23,TRUE
6267,6267,Veysonnaz,c23,TRUE
6281,6281,Baltschieder,c23,TRUE
6282,6282,Eisten,c23,TRUE
6283,6283,Embd,c23,TRUE
6285,6285,Grächen,c23,TRUE
6286,6286,Lalden,c23,TRUE
6287,6287,Randa,c23,TRUE
6288,6288,Saas-Almagell,c23,TRUE
6289,6289,Saas-Balen,c23,TRUE
6290,6290,Saas-Fee,c23,TRUE
6291,6291,Saas-Grund,c23,TRUE
6292,6292,St. Niklaus,c23,TRUE
6293,6293,Stalden (VS),c23,TRUE
6294,6294,Staldenried,c23,TRUE
6295,6295,Täsch,c23,TRUE
6296,6296,Törbel,c23,TRUE
6297,6297,Visp,c23,TRUE
6298,6298,Visperterminen,c23,TRUE
6299,6299,Zeneggen,c23,TRUE
6300,6300,Zermatt,c23,TRUE
6404,6404,Boudry,c24,TRUE
6407,6407,Corcelles-Cormondrèche,c24,TRUE
6408,6408,Cortaillod,c24,TRUE
6412,6412,Peseux,c24,TRUE
6413,6413,Rochefort,c24,TRUE
6416,6416,Milvignes,c24,TRUE
6417,6417,La Grande Béroche,c24,TRUE
6421,6421,La Chaux-de-Fonds,c24,TRUE
6422,6422,Les Planchettes,c24,TRUE
6423,6423,La Sagne,c24,TRUE
6431,6431,Les Brenets,c24,TRUE
6432,6432,La Brévine,c24,TRUE
6433,6433,Brot-Plamboz,c24,TRUE
6434,6434,Le Cerneux-Péquignot,c24,TRUE
6435,6435,La Chaux-du-Milieu,c24,TRUE
6436,6436,Le Locle,c24,TRUE
6437,6437,Les Ponts-de-Martel,c24,TRUE
6451,6451,Cornaux,c24,TRUE
6452,6452,Cressier (NE),c24,TRUE
6453,6453,Enges,c24,TRUE
6454,6454,Hauterive (NE),c24,TRUE
6455,6455,Le Landeron,c24,TRUE
6456,6456,Lignières,c24,TRUE
6458,6458,Neuchâtel,c24,TRUE
6459,6459,Saint-Blaise,c24,TRUE
6461,6461,La Tène,c24,TRUE
6485,6485,Valangin,c24,TRUE
6487,6487,Val-de-Ruz,c24,TRUE
6504,6504,La Côte-aux-Fées,c24,TRUE
6511,6511,Les Verrières,c24,TRUE
6512,6512,Val-de-Travers,c24,TRUE
6601,6601,Aire-la-Ville,c25,TRUE
6602,6602,Anières,c25,TRUE
6603,6603,Avully,c25,TRUE
6604,6604,Avusy,c25,TRUE
6605,6605,Bardonnex,c25,TRUE
6606,6606,Bellevue,c25,TRUE
6607,6607,Bernex,c25,TRUE
6608,6608,Carouge (GE),c25,TRUE
6609,6609,Cartigny,c25,TRUE
6610,6610,Céligny,c25,TRUE
6611,6611,Chancy,c25,TRUE
6612,6612,Chêne-Bougeries,c25,TRUE
6613,6613,Chêne-Bourg,c25,TRUE
6614,6614,Choulex,c25,TRUE
6615,6615,Collex-Bossy,c25,TRUE
6616,6616,Collonge-Bellerive,c25,TRUE
6617,6617,Cologny,c25,TRUE
6618,6618,Confignon,c25,TRUE
6619,6619,Corsier (GE),c25,TRUE
6620,6620,Dardagny,c25,TRUE
6621,6621,Genève,c25,TRUE
6622,6622,Genthod,c25,TRUE
6623,6623,Le Grand-Saconnex,c25,TRUE
6624,6624,Gy,c25,TRUE
6625,6625,Hermance,c25,TRUE
6626,6626,Jussy,c25,TRUE
6627,6627,Laconnex,c25,TRUE
6628,6628,Lancy,c25,TRUE
6629,6629,Meinier,c25,TRUE
6630,6630,Meyrin,c25,TRUE
6631,6631,Onex,c25,TRUE
6632,6632,Perly-Certoux,c25,TRUE
6633,6633,Plan-les-Ouates,c25,TRUE
6634,6634,Pregny-Chambésy,c25,TRUE
6635,6635,Presinge,c25,TRUE
6636,6636,Puplinge,c25,TRUE
6637,6637,Russin,c25,TRUE
6638,6638,Satigny,c25,TRUE
6639,6639,Soral,c25,TRUE
6640,6640,Thônex,c25,TRUE
6641,6641,Troinex,c25,TRUE
6642,6642,Vandoeuvres,c25,TRUE
6643,6643,Vernier,c25,TRUE
6644,6644,Versoix,c25,TRUE
6645,6645,Veyrier,c25,TRUE
6702,6702,Boécourt,c26,TRUE
6703,6703,Bourrignon,c26,TRUE
6704,6704,Châtillon (JU),c26,TRUE
6706,6706,Courchapoix,c26,TRUE
6708,6708,Courrendlin,c26,TRUE
6709,6709,Courroux,c26,TRUE
6710,6710,Courtételle,c26,TRUE
6711,6711,Delémont,c26,TRUE
6712,6712,Develier,c26,TRUE
6713,6713,Ederswiler,c26,TRUE
6715,6715,Mervelier,c26,TRUE
6716,6716,Mettembert,c26,TRUE
6718,6718,Movelier,c26,TRUE
6719,6719,Pleigne,c26,TRUE
6721,6721,Rossemaison,c26,TRUE
6722,6722,Saulcy,c26,TRUE
6724,6724,Soyhières,c26,TRUE
6729,6729,Haute-Sorne,c26,TRUE
6730,6730,Val Terbi,c26,TRUE
6741,6741,Le Bémont (JU),c26,TRUE
6742,6742,Les Bois,c26,TRUE
6743,6743,Les Breuleux,c26,TRUE
6744,6744,La Chaux-des-Breuleux,c26,TRUE
6745,6745,Les Enfers,c26,TRUE
6748,6748,Les Genevez (JU),c26,TRUE
6750,6750,Lajoux (JU),c26,TRUE
6751,6751,Montfaucon,c26,TRUE
6753,6753,Muriaux,c26,TRUE
6754,6754,Le Noirmont,c26,TRUE
6757,6757,Saignelégier,c26,TRUE
6758,6758,Saint-Brais,c26,TRUE
6759,6759,Soubey,c26,TRUE
6771,6771,Alle,c26,TRUE
6773,6773,Beurnevésin,c26,TRUE
6774,6774,Boncourt,c26,TRUE
6775,6775,Bonfol,c26,TRUE
6778,6778,Bure,c26,TRUE
6781,6781,Coeuve,c26,TRUE
6782,6782,Cornol,c26,TRUE
6783,6783,Courchavon,c26,TRUE
6784,6784,Courgenay,c26,TRUE
6785,6785,Courtedoux,c26,TRUE
6787,6787,Damphreux,c26,TRUE
6789,6789,Fahy,c26,TRUE
6790,6790,Fontenais,c26,TRUE
6792,6792,Grandfontaine,c26,TRUE
6793,6793,Lugnez,c26,TRUE
6800,6800,Porrentruy,c26,TRUE
6806,6806,Vendlincourt,c26,TRUE
6807,6807,Basse-Allaine,c26,TRUE
6808,6808,Clos du Doubs,c26,TRUE
6809,6809,Haute-Ajoie,c26,TRUE
6810,6810,La Baroche,c26,TRUE
889,889,Thurnen,c2,TRUE
2117,2117,Villaz,c10,TRUE
2237,2237,Prez,c10,TRUE
2238,2238,Bois-d'Amont,c10,TRUE
2430,2430,Welschenrohr-Gänsbrunnen,c11,TRUE
3715,3715,Muntogna da Schons,c18,TRUE
5399,5399,Verzasca,c21,TRUE
6037,6037,Val de Bagnes,c23,TRUE
6254,6254,Noble-Contrée,c23,TRUE