geo,id,name
che,0,Switzerland
1,1,Aeugst am Albis
2,2,Affoltern am Albis
3,3,Bonstetten
4,4,Hausen am Albis
5,5,Hedingen
6,6,Kappel am Albis
7,7,Knonau
8,8,Maschwanden
9,9,Mettmenstetten
10,10,Obfelden
11,11,Ottenbach
12,12,Rifferswil
13,13,Stallikon
14,14,Wettswil am Albis
21,21,Adlikon
22,22,Benken (ZH)
23,23,Berg am Irchel
24,24,Buch am Irchel
25,25,Dachsen
26,26,Dorf
27,27,Feuerthalen
28,28,Flaach
29,29,Flurlingen
30,30,Andelfingen
31,31,Henggart
32,32,Humlikon
33,33,Kleinandelfingen
34,34,Laufen-Uhwiesen
35,35,Marthalen
37,37,Ossingen
38,38,Rheinau
39,39,Thalheim an der Thur
40,40,Trüllikon
41,41,Truttikon
43,43,Volken
51,51,Bachenbülach
52,52,Bassersdorf
53,53,Bülach
54,54,Dietlikon
55,55,Eglisau
56,56,Embrach
57,57,Freienstein-Teufen
58,58,Glattfelden
59,59,Hochfelden
60,60,Höri
61,61,Hüntwangen
62,62,Kloten
63,63,Lufingen
64,64,Nürensdorf
65,65,Oberembrach
66,66,Opfikon
67,67,Rafz
68,68,Rorbas
69,69,Wallisellen
70,70,Wasterkingen
71,71,Wil (ZH)
72,72,Winkel
81,81,Bachs
82,82,Boppelsen
83,83,Buchs (ZH)
84,84,Dällikon
85,85,Dänikon
86,86,Dielsdorf
87,87,Hüttikon
88,88,Neerach
89,89,Niederglatt
90,90,Niederhasli
91,91,Niederweningen
92,92,Oberglatt
93,93,Oberweningen
94,94,Otelfingen
95,95,Regensberg
96,96,Regensdorf
97,97,Rümlang
98,98,Schleinikon
99,99,Schöfflisdorf
100,100,Stadel
101,101,Steinmaur
102,102,Weiach
111,111,Bäretswil
112,112,Bubikon
113,113,Dürnten
114,114,Fischenthal
115,115,Gossau (ZH)
116,116,Grüningen
117,117,Hinwil
118,118,Rüti (ZH)
119,119,Seegräben
120,120,Wald (ZH)
121,121,Wetzikon (ZH)
131,131,Adliswil
135,135,Kilchberg (ZH)
136,136,Langnau am Albis
137,137,Oberrieden
138,138,Richterswil
139,139,Rüschlikon
141,141,Thalwil
151,151,Erlenbach (ZH)
152,152,Herrliberg
153,153,Hombrechtikon
154,154,Küsnacht (ZH)
155,155,Männedorf
156,156,Meilen
157,157,Oetwil am See
158,158,Stäfa
159,159,Uetikon am See
160,160,Zumikon
161,161,Zollikon
172,172,Fehraltorf
173,173,Hittnau
176,176,Lindau
177,177,Pfäffikon
178,178,Russikon
180,180,Weisslingen
181,181,Wila
182,182,Wildberg
191,191,Dübendorf
192,192,Egg
193,193,Fällanden
194,194,Greifensee
195,195,Maur
196,196,Mönchaltorf
197,197,Schwerzenbach
198,198,Uster
199,199,Volketswil
200,200,Wangen-Brüttisellen
211,211,Altikon
213,213,Brütten
214,214,Dägerlen
215,215,Dättlikon
216,216,Dinhard
218,218,Ellikon an der Thur
219,219,Elsau
220,220,Hagenbuch
221,221,Hettlingen
223,223,Neftenbach
224,224,Pfungen
225,225,Rickenbach (ZH)
226,226,Schlatt (ZH)
227,227,Seuzach
228,228,Turbenthal
230,230,Winterthur
231,231,Zell (ZH)
241,241,Aesch (ZH)
242,242,Birmensdorf (ZH)
243,243,Dietikon
244,244,Geroldswil
245,245,Oberengstringen
246,246,Oetwil an der Limmat
247,247,Schlieren
248,248,Uitikon
249,249,Unterengstringen
250,250,Urdorf
251,251,Weiningen (ZH)
261,261,Zürich
292,292,Stammheim
293,293,Wädenswil
294,294,Elgg
295,295,Horgen
296,296,Illnau-Effretikon
297,297,Bauma
298,298,Wiesendangen
301,301,Aarberg
302,302,Bargen (BE)
303,303,Grossaffoltern
304,304,Kallnach
305,305,Kappelen
306,306,Lyss
307,307,Meikirch
309,309,Radelfingen
310,310,Rapperswil (BE)
311,311,Schüpfen
312,312,Seedorf (BE)
321,321,Aarwangen
322,322,Auswil
323,323,Bannwil
324,324,Bleienbach
325,325,Busswil bei Melchnau
326,326,Gondiswil
329,329,Langenthal
331,331,Lotzwil
332,332,Madiswil
333,333,Melchnau
335,335,Oeschenbach
336,336,Reisiswil
337,337,Roggwil (BE)
338,338,Rohrbach
339,339,Rohrbachgraben
340,340,Rütschelen
341,341,Schwarzhäusern
342,342,Thunstetten
344,344,Ursenbach
345,345,Wynau
351,351,Bern
352,352,Bolligen
353,353,Bremgarten bei Bern
354,354,Kirchlindach
355,355,Köniz
356,356,Muri bei Bern
357,357,Oberbalm
358,358,Stettlen
359,359,Vechigen
360,360,Wohlen bei Bern
361,361,Zollikofen
362,362,Ittigen
363,363,Ostermundigen
371,371,Biel/Bienne
372,372,Evilard
381,381,Arch
382,382,Büetigen
383,383,Büren an der Aare
385,385,Diessbach bei Büren
386,386,Dotzigen
387,387,Lengnau (BE)
388,388,Leuzigen
389,389,Meienried
390,390,Meinisberg
391,391,Oberwil bei Büren
392,392,Pieterlen
393,393,Rüti bei Büren
394,394,Wengi
401,401,Aefligen
402,402,Alchenstorf
403,403,Bäriswil
404,404,Burgdorf
405,405,Ersigen
406,406,Hasle bei Burgdorf
407,407,Heimiswil
408,408,Hellsau
409,409,Hindelbank
410,410,Höchstetten
411,411,Kernenried
412,412,Kirchberg (BE)
413,413,Koppigen
414,414,Krauchthal
415,415,Lyssach
418,418,Oberburg
420,420,Rüdtligen-Alchenflüh
421,421,Rumendingen
422,422,Rüti bei Lyssach
423,423,Willadingen
424,424,Wynigen
431,431,Corgémont
432,432,Cormoret
433,433,Cortébert
434,434,Courtelary
435,435,La Ferrière
437,437,Mont-Tramelan
438,438,Orvin
441,441,Renan (BE)
442,442,Romont (BE)
443,443,Saint-Imier
444,444,Sonceboz-Sombeval
445,445,Sonvilier
446,446,Tramelan
448,448,Villeret
449,449,Sauge
450,450,Péry-La Heutte
491,491,Brüttelen
492,492,Erlach
493,493,Finsterhennen
494,494,Gals
495,495,Gampelen
496,496,Ins
497,497,Lüscherz
498,498,Müntschemier
499,499,Siselen
500,500,Treiten
501,501,Tschugg
502,502,Vinelz
533,533,Bätterkinden
535,535,Deisswil bei Münchenbuchsee
536,536,Diemerswil
538,538,Fraubrunnen
540,540,Jegenstorf
541,541,Iffwil
543,543,Mattstetten
544,544,Moosseedorf
546,546,Münchenbuchsee
551,551,Urtenen-Schönbühl
552,552,Utzenstorf
553,553,Wiggiswil
554,554,Wiler bei Utzenstorf
556,556,Zielebach
557,557,Zuzwil (BE)
561,561,Adelboden
562,562,Aeschi bei Spiez
563,563,Frutigen
564,564,Kandergrund
565,565,Kandersteg
566,566,Krattigen
567,567,Reichenbach im Kandertal
571,571,Beatenberg
572,572,Bönigen
573,573,Brienz (BE)
574,574,Brienzwiler
575,575,Därligen
576,576,Grindelwald
577,577,Gsteigwiler
578,578,Gündlischwand
579,579,Habkern
580,580,Hofstetten bei Brienz
581,581,Interlaken
582,582,Iseltwald
584,584,Lauterbrunnen
585,585,Leissigen
586,586,Lütschental
587,587,Matten bei Interlaken
588,588,Niederried bei Interlaken
589,589,Oberried am Brienzersee
590,590,Ringgenberg (BE)
591,591,Saxeten
592,592,Schwanden bei Brienz
593,593,Unterseen
594,594,Wilderswil
602,602,Arni (BE)
603,603,Biglen
605,605,Bowil
606,606,Brenzikofen
607,607,Freimettigen
608,608,Grosshöchstetten
609,609,Häutligen
610,610,Herbligen
611,611,Kiesen
612,612,Konolfingen
613,613,Landiswil
614,614,Linden
615,615,Mirchel
616,616,Münsingen
617,617,Niederhünigen
619,619,Oberdiessbach
620,620,Oberthal
622,622,Oppligen
623,623,Rubigen
626,626,Walkringen
627,627,Worb
628,628,Zäziwil
629,629,Oberhünigen
630,630,Allmendingen
632,632,Wichtrach
661,661,Clavaleyres
662,662,Ferenbalm
663,663,Frauenkappelen
665,665,Gurbrü
666,666,Kriechenwil
667,667,Laupen
668,668,Mühleberg
669,669,Münchenwiler
670,670,Neuenegg
671,671,Wileroltigen
681,681,Belprahon
683,683,Champoz
687,687,Corcelles (BE)
690,690,Court
691,691,Crémines
692,692,Eschert
694,694,Grandval
696,696,Loveresse
700,700,Moutier
701,701,Perrefitte
703,703,Reconvilier
704,704,Roches (BE)
706,706,Saicourt
707,707,Saules (BE)
708,708,Schelten
709,709,Seehof
711,711,Sorvilier
713,713,Tavannes
715,715,Rebévelier
716,716,Petit-Val
717,717,Valbirse
723,723,La Neuveville
724,724,Nods
726,726,Plateau de Diesse
731,731,Aegerten
732,732,Bellmund
733,733,Brügg
734,734,Bühl
735,735,Epsach
736,736,Hagneck
737,737,Hermrigen
738,738,Jens
739,739,Ipsach
740,740,Ligerz
741,741,Merzligen
742,742,Mörigen
743,743,Nidau
744,744,Orpund
745,745,Port
746,746,Safnern
747,747,Scheuren
748,748,Schwadernau
749,749,Studen (BE)
750,750,Sutz-Lattrigen
751,751,Täuffelen
754,754,Walperswil
755,755,Worben
756,756,Twann-Tüscherz
761,761,Därstetten
762,762,Diemtigen
763,763,Erlenbach im Simmental
766,766,Oberwil im Simmental
767,767,Reutigen
768,768,Spiez
769,769,Wimmis
770,770,Stocken-Höfen
782,782,Guttannen
783,783,Hasliberg
784,784,Innertkirchen
785,785,Meiringen
786,786,Schattenhalb
791,791,Boltigen
792,792,Lenk
793,793,St. Stephan
794,794,Zweisimmen
841,841,Gsteig
842,842,Lauenen
843,843,Saanen
852,852,Guggisberg
853,853,Rüschegg
855,855,Schwarzenburg
861,861,Belp
863,863,Burgistein
866,866,Gerzensee
867,867,Gurzelen
868,868,Jaberg
869,869,Kaufdorf
870,870,Kehrsatz
872,872,Kirchdorf (BE)
877,877,Niedermuhlern
879,879,Riggisberg
880,880,Rüeggisberg
883,883,Seftigen
884,884,Toffen
885,885,Uttigen
886,886,Wattenwil
888,888,Wald (BE)
889,889,Thurnen
901,901,Eggiwil
902,902,Langnau im Emmental
903,903,Lauperswil
904,904,Röthenbach im Emmental
905,905,Rüderswil
906,906,Schangnau
907,907,Signau
908,908,Trub
909,909,Trubschachen
921,921,Amsoldingen
922,922,Blumenstein
923,923,Buchholterberg
924,924,Eriz
925,925,Fahrni
927,927,Heiligenschwendi
928,928,Heimberg
929,929,Hilterfingen
931,931,Homberg
932,932,Horrenbach-Buchen
934,934,Oberhofen am Thunersee
935,935,Oberlangenegg
936,936,Pohlern
938,938,Sigriswil
939,939,Steffisburg
940,940,Teuffenthal (BE)
941,941,Thierachern
942,942,Thun
943,943,Uebeschi
944,944,Uetendorf
945,945,Unterlangenegg
946,946,Wachseldorn
947,947,Zwieselberg
948,948,Forst-Längenbühl
951,951,Affoltern im Emmental
952,952,Dürrenroth
953,953,Eriswil
954,954,Huttwil
955,955,Lützelflüh
956,956,Rüegsau
957,957,Sumiswald
958,958,Trachselwald
959,959,Walterswil (BE)
960,960,Wyssachen
971,971,Attiswil
972,972,Berken
973,973,Bettenhausen
975,975,Farnern
976,976,Graben
977,977,Heimenhausen
979,979,Herzogenbuchsee
980,980,Inkwil
981,981,Niederbipp
982,982,Niederönz
983,983,Oberbipp
985,985,Ochlenberg
987,987,Rumisberg
988,988,Seeberg
989,989,Thörigen
990,990,Walliswil bei Niederbipp
991,991,Walliswil bei Wangen
992,992,Wangen an der Aare
993,993,Wangenried
995,995,Wiedlisbach
1001,1001,Doppleschwand
1002,1002,Entlebuch
1004,1004,Flühli
1005,1005,Hasle (LU)
1007,1007,Romoos
1008,1008,Schüpfheim
1009,1009,Werthenstein
1010,1010,Escholzmatt-Marbach
1021,1021,Aesch (LU)
1023,1023,Ballwil
1024,1024,Emmen
1025,1025,Ermensee
1026,1026,Eschenbach (LU)
1030,1030,Hitzkirch
1031,1031,Hochdorf
1032,1032,Hohenrain
1033,1033,Inwil
1037,1037,Rain
1039,1039,Römerswil
1040,1040,Rothenburg
1041,1041,Schongau
1051,1051,Adligenswil
1052,1052,Buchrain
1053,1053,Dierikon
1054,1054,Ebikon
1055,1055,Gisikon
1056,1056,Greppen
1057,1057,Honau
1058,1058,Horw
1059,1059,Kriens
1061,1061,Luzern
1062,1062,Malters
1063,1063,Meggen
1064,1064,Meierskappel
1065,1065,Root
1066,1066,Schwarzenberg
1067,1067,Udligenswil
1068,1068,Vitznau
1069,1069,Weggis
1081,1081,Beromünster
1082,1082,Büron
1083,1083,Buttisholz
1084,1084,Eich
1085,1085,Geuensee
1086,1086,Grosswangen
1088,1088,Hildisrieden
1089,1089,Knutwil
1091,1091,Mauensee
1093,1093,Neuenkirch
1094,1094,Nottwil
1095,1095,Oberkirch
1097,1097,Rickenbach (LU)
1098,1098,Ruswil
1099,1099,Schenkon
1100,1100,Schlierbach
1102,1102,Sempach
1103,1103,Sursee
1104,1104,Triengen
1107,1107,Wolhusen
1121,1121,Alberswil
1122,1122,Altbüron
1123,1123,Altishofen
1125,1125,Dagmersellen
1127,1127,Egolzwil
1128,1128,Ettiswil
1129,1129,Fischbach
1131,1131,Grossdietwil
1132,1132,Hergiswil bei Willisau
1135,1135,Luthern
1136,1136,Menznau
1137,1137,Nebikon
1139,1139,Pfaffnau
1140,1140,Reiden
1142,1142,Roggliswil
1143,1143,Schötz
1145,1145,Ufhusen
1146,1146,Wauwil
1147,1147,Wikon
1150,1150,Zell (LU)
1151,1151,Willisau
1201,1201,Altdorf (UR)
1202,1202,Andermatt
1203,1203,Attinghausen
1205,1205,Bürglen (UR)
1206,1206,Erstfeld
1207,1207,Flüelen
1208,1208,Göschenen
1209,1209,Gurtnellen
1210,1210,Hospental
1211,1211,Isenthal
1212,1212,Realp
1213,1213,Schattdorf
1214,1214,Seedorf (UR)
1215,1215,Seelisberg
1216,1216,Silenen
1217,1217,Sisikon
1218,1218,Spiringen
1219,1219,Unterschächen
1220,1220,Wassen
1301,1301,Einsiedeln
1311,1311,Gersau
1321,1321,Feusisberg
1322,1322,Freienbach
1323,1323,Wollerau
1331,1331,Küssnacht (SZ)
1341,1341,Altendorf
1342,1342,Galgenen
1343,1343,Innerthal
1344,1344,Lachen
1345,1345,Reichenburg
1346,1346,Schübelbach
1347,1347,Tuggen
1348,1348,Vorderthal
1349,1349,Wangen (SZ)
1361,1361,Alpthal
1362,1362,Arth
1363,1363,Illgau
1364,1364,Ingenbohl
1365,1365,Lauerz
1366,1366,Morschach
1367,1367,Muotathal
1368,1368,Oberiberg
1369,1369,Riemenstalden
1370,1370,Rothenthurm
1371,1371,Sattel
1372,1372,Schwyz
1373,1373,Steinen
1374,1374,Steinerberg
1375,1375,Unteriberg
1401,1401,Alpnach
1402,1402,Engelberg
1403,1403,Giswil
1404,1404,Kerns
1405,1405,Lungern
1406,1406,Sachseln
1407,1407,Sarnen
1501,1501,Beckenried
1502,1502,Buochs
1503,1503,Dallenwil
1504,1504,Emmetten
1505,1505,Ennetbürgen
1506,1506,Ennetmoos
1507,1507,Hergiswil (NW)
1508,1508,Oberdorf (NW)
1509,1509,Stans
1510,1510,Stansstad
1511,1511,Wolfenschiessen
1630,1630,Glarus Nord
1631,1631,Glarus Süd
1632,1632,Glarus
1701,1701,Baar
1702,1702,Cham
1703,1703,Hünenberg
1704,1704,Menzingen
1705,1705,Neuheim
1706,1706,Oberägeri
1707,1707,Risch
1708,1708,Steinhausen
1709,1709,Unterägeri
1710,1710,Walchwil
1711,1711,Zug
2008,2008,Châtillon (FR)
2011,2011,Cugy (FR)
2016,2016,Fétigny
2022,2022,Gletterens
2025,2025,Lully (FR)
2027,2027,Ménières
2029,2029,Montagny (FR)
2035,2035,Nuvilly
2038,2038,Prévondavaux
2041,2041,Saint-Aubin (FR)
2043,2043,Sévaz
2044,2044,Surpierre
2045,2045,Vallon
2050,2050,Les Montets
2051,2051,Delley-Portalban
2053,2053,Belmont-Broye
2054,2054,Estavayer
2055,2055,Cheyres-Châbles
2061,2061,Auboranges
2063,2063,Billens-Hennens
2066,2066,Chapelle (Glâne)
2067,2067,Le Châtelard
2068,2068,Châtonnaye
2072,2072,Ecublens (FR)
2079,2079,Grangettes
2086,2086,Massonnens
2087,2087,Mézières (FR)
2089,2089,Montet (Glâne)
2096,2096,Romont (FR)
2097,2097,Rue
2099,2099,Siviriez
2102,2102,Ursy
2113,2113,Vuisternens-devant-Romont
2114,2114,Villorsonnens
2115,2115,Torny
2117,2117,Villaz
2121,2121,Haut-Intyamon
2122,2122,Pont-en-Ogoz
2123,2123,Botterens
2124,2124,Broc
2125,2125,Bulle
2128,2128,Châtel-sur-Montsalvens
2129,2129,Corbières
2130,2130,Crésuz
2131,2131,Echarlens
2134,2134,Grandvillard
2135,2135,Gruyères
2137,2137,Hauteville
2138,2138,Jaun
2140,2140,Marsens
2143,2143,Morlon
2145,2145,Le Pâquier (FR)
2147,2147,Pont-la-Ville
2148,2148,Riaz
2149,2149,La Roche
2152,2152,Sâles
2153,2153,Sorens
2155,2155,Vaulruz
2160,2160,Vuadens
2162,2162,Bas-Intyamon
2163,2163,Val-de-Charmey
2173,2173,Autigny
2174,2174,Avry
2175,2175,Belfaux
2177,2177,Chénens
2183,2183,Corminboeuf
2186,2186,Cottens (FR)
2194,2194,Ferpicloz
2196,2196,Fribourg
2197,2197,Givisiez
2198,2198,Granges-Paccot
2200,2200,Grolley
2206,2206,Marly
2208,2208,Matran
2211,2211,Neyruz (FR)
2216,2216,Pierrafortscha
2217,2217,Ponthaux
2220,2220,Le Mouret
2226,2226,Treyvaux
2228,2228,Villars-sur-Glâne
2230,2230,Villarsel-sur-Marly
2233,2233,Hauterive (FR)
2234,2234,La Brillaz
2235,2235,La Sonnaz
2236,2236,Gibloux
2237,2237,Prez
2238,2238,Bois-d'Amont
2250,2250,Courgevaux
2254,2254,Courtepin
2257,2257,Cressier (FR)
2258,2258,Fräschels
2259,2259,Galmiz
2260,2260,Gempenach
2261,2261,Greng
2262,2262,Gurmels
2265,2265,Kerzers
2266,2266,Kleinbösingen
2271,2271,Meyriez
2272,2272,Misery-Courtion
2274,2274,Muntelier
2275,2275,Murten
2276,2276,Ried bei Kerzers
2278,2278,Ulmiz
2284,2284,Mont-Vully
2292,2292,Brünisried
2293,2293,Düdingen
2294,2294,Giffers
2295,2295,Bösingen
2296,2296,Heitenried
2299,2299,Plaffeien
2300,2300,Plasselb
2301,2301,Rechthalten
2303,2303,St. Silvester
2304,2304,St. Ursen
2305,2305,Schmitten (FR)
2306,2306,Tafers
2307,2307,Tentlingen
2308,2308,Ueberstorf
2309,2309,Wünnewil-Flamatt
2321,2321,Attalens
2323,2323,Bossonnens
2325,2325,Châtel-Saint-Denis
2328,2328,Granges (Veveyse)
2333,2333,Remaufens
2335,2335,Saint-Martin (FR)
2336,2336,Semsales
2337,2337,Le Flon
2338,2338,La Verrerie
2401,2401,Egerkingen
2402,2402,Härkingen
2403,2403,Kestenholz
2404,2404,Neuendorf
2405,2405,Niederbuchsiten
2406,2406,Oberbuchsiten
2407,2407,Oensingen
2408,2408,Wolfwil
2421,2421,Aedermannsdorf
2422,2422,Balsthal
2424,2424,Herbetswil
2425,2425,Holderbank (SO)
2426,2426,Laupersdorf
2427,2427,Matzendorf
2428,2428,Mümliswil-Ramiswil
2430,2430,Welschenrohr-Gänsbrunnen
2445,2445,Biezwil
2455,2455,Lüterkofen-Ichertswil
2456,2456,Lüterswil-Gächliwil
2457,2457,Messen
2461,2461,Schnottwil
2463,2463,Unterramsern
2464,2464,Lüsslingen-Nennigkofen
2465,2465,Buchegg
2471,2471,Bättwil
2472,2472,Büren (SO)
2473,2473,Dornach
2474,2474,Gempen
2475,2475,Hochwald
2476,2476,Hofstetten-Flüh
2477,2477,Metzerlen-Mariastein
2478,2478,Nuglar-St. Pantaleon
2479,2479,Rodersdorf
2480,2480,Seewen
2481,2481,Witterswil
2491,2491,Hauenstein-Ifenthal
2492,2492,Kienberg
2493,2493,Lostorf
2495,2495,Niedergösgen
2497,2497,Obergösgen
2499,2499,Stüsslingen
2500,2500,Trimbach
2501,2501,Winznau
2502,2502,Wisen (SO)
2503,2503,Erlinsbach (SO)
2511,2511,Aeschi (SO)
2513,2513,Biberist
2514,2514,Bolken
2516,2516,Deitingen
2517,2517,Derendingen
2518,2518,Etziken
2519,2519,Gerlafingen
2520,2520,Halten
2523,2523,Horriwil
2524,2524,Hüniken
2525,2525,Kriegstetten
2526,2526,Lohn-Ammannsegg
2527,2527,Luterbach
2528,2528,Obergerlafingen
2529,2529,Oekingen
2530,2530,Recherswil
2532,2532,Subingen
2534,2534,Zuchwil
2535,2535,Drei Höfe
2541,2541,Balm bei Günsberg
2542,2542,Bellach
2543,2543,Bettlach
2544,2544,Feldbrunnen-St. Niklaus
2545,2545,Flumenthal
2546,2546,Grenchen
2547,2547,Günsberg
2548,2548,Hubersdorf
2549,2549,Kammersrohr
2550,2550,Langendorf
2551,2551,Lommiswil
2553,2553,Oberdorf (SO)
2554,2554,Riedholz
2555,2555,Rüttenen
2556,2556,Selzach
2571,2571,Boningen
2572,2572,Däniken
2573,2573,Dulliken
2574,2574,Eppenberg-Wöschnau
2575,2575,Fulenbach
2576,2576,Gretzenbach
2578,2578,Gunzgen
2579,2579,Hägendorf
2580,2580,Kappel (SO)
2581,2581,Olten
2582,2582,Rickenbach (SO)
2583,2583,Schönenwerd
2584,2584,Starrkirch-Wil
2585,2585,Walterswil (SO)
2586,2586,Wangen bei Olten
2601,2601,Solothurn
2611,2611,Bärschwil
2612,2612,Beinwil (SO)
2613,2613,Breitenbach
2614,2614,Büsserach
2615,2615,Erschwil
2616,2616,Fehren
2617,2617,Grindel
2618,2618,Himmelried
2619,2619,Kleinlützel
2620,2620,Meltingen
2621,2621,Nunningen
2622,2622,Zullwil
2701,2701,Basel
2702,2702,Bettingen
2703,2703,Riehen
2761,2761,Aesch (BL)
2762,2762,Allschwil
2763,2763,Arlesheim
2764,2764,Biel-Benken
2765,2765,Binningen
2766,2766,Birsfelden
2767,2767,Bottmingen
2768,2768,Ettingen
2769,2769,Münchenstein
2770,2770,Muttenz
2771,2771,Oberwil (BL)
2772,2772,Pfeffingen
2773,2773,Reinach (BL)
2774,2774,Schönenbuch
2775,2775,Therwil
2781,2781,Blauen
2782,2782,Brislach
2783,2783,Burg im Leimental
2784,2784,Dittingen
2785,2785,Duggingen
2786,2786,Grellingen
2787,2787,Laufen
2788,2788,Liesberg
2789,2789,Nenzlingen
2790,2790,Roggenburg
2791,2791,Röschenz
2792,2792,Wahlen
2793,2793,Zwingen
2821,2821,Arisdorf
2822,2822,Augst
2823,2823,Bubendorf
2824,2824,Frenkendorf
2825,2825,Füllinsdorf
2826,2826,Giebenach
2827,2827,Hersberg
2828,2828,Lausen
2829,2829,Liestal
2830,2830,Lupsingen
2831,2831,Pratteln
2832,2832,Ramlinsburg
2833,2833,Seltisberg
2834,2834,Ziefen
2841,2841,Anwil
2842,2842,Böckten
2843,2843,Buckten
2844,2844,Buus
2845,2845,Diepflingen
2846,2846,Gelterkinden
2847,2847,Häfelfingen
2848,2848,Hemmiken
2849,2849,Itingen
2850,2850,Känerkinden
2851,2851,Kilchberg (BL)
2852,2852,Läufelfingen
2853,2853,Maisprach
2854,2854,Nusshof
2855,2855,Oltingen
2856,2856,Ormalingen
2857,2857,Rickenbach (BL)
2858,2858,Rothenfluh
2859,2859,Rümlingen
2860,2860,Rünenberg
2861,2861,Sissach
2862,2862,Tecknau
2863,2863,Tenniken
2864,2864,Thürnen
2865,2865,Wenslingen
2866,2866,Wintersingen
2867,2867,Wittinsburg
2868,2868,Zeglingen
2869,2869,Zunzgen
2881,2881,Arboldswil
2882,2882,Bennwil
2883,2883,Bretzwil
2884,2884,Diegten
2885,2885,Eptingen
2886,2886,Hölstein
2887,2887,Lampenberg
2888,2888,Langenbruck
2889,2889,Lauwil
2890,2890,Liedertswil
2891,2891,Niederdorf
2892,2892,Oberdorf (BL)
2893,2893,Reigoldswil
2894,2894,Titterten
2895,2895,Waldenburg
2901,2901,Gächlingen
2903,2903,Löhningen
2904,2904,Neunkirch
2914,2914,Büttenhardt
2915,2915,Dörflingen
2917,2917,Lohn (SH)
2919,2919,Stetten (SH)
2920,2920,Thayngen
2931,2931,Bargen (SH)
2932,2932,Beringen
2933,2933,Buchberg
2936,2936,Merishausen
2937,2937,Neuhausen am Rheinfall
2938,2938,Rüdlingen
2939,2939,Schaffhausen
2951,2951,Beggingen
2952,2952,Schleitheim
2953,2953,Siblingen
2961,2961,Buch (SH)
2962,2962,Hemishofen
2963,2963,Ramsen
2964,2964,Stein am Rhein
2971,2971,Hallau
2972,2972,Oberhallau
2973,2973,Trasadingen
2974,2974,Wilchingen
3001,3001,Herisau
3002,3002,Hundwil
3003,3003,Schönengrund
3004,3004,Schwellbrunn
3005,3005,Stein (AR)
3006,3006,Urnäsch
3007,3007,Waldstatt
3021,3021,Bühler
3022,3022,Gais
3023,3023,Speicher
3024,3024,Teufen (AR)
3025,3025,Trogen
3031,3031,Grub (AR)
3032,3032,Heiden
3033,3033,Lutzenberg
3034,3034,Rehetobel
3035,3035,Reute (AR)
3036,3036,Wald (AR)
3037,3037,Walzenhausen
3038,3038,Wolfhalden
3101,3101,Appenzell
3102,3102,Gonten
3103,3103,Rüte
3104,3104,Schlatt-Haslen
3105,3105,Schwende
3111,3111,Oberegg
3201,3201,Häggenschwil
3202,3202,Muolen
3203,3203,St. Gallen
3204,3204,Wittenbach
3211,3211,Berg (SG)
3212,3212,Eggersriet
3213,3213,Goldach
3214,3214,Mörschwil
3215,3215,Rorschach
3216,3216,Rorschacherberg
3217,3217,Steinach
3218,3218,Tübach
3219,3219,Untereggen
3231,3231,Au (SG)
3232,3232,Balgach
3233,3233,Berneck
3234,3234,Diepoldsau
3235,3235,Rheineck
3236,3236,St. Margrethen
3237,3237,Thal
3238,3238,Widnau
3251,3251,Altstätten
3252,3252,Eichberg
3253,3253,Marbach (SG)
3254,3254,Oberriet (SG)
3255,3255,Rebstein
3256,3256,Rüthi (SG)
3271,3271,Buchs (SG)
3272,3272,Gams
3273,3273,Grabs
3274,3274,Sennwald
3275,3275,Sevelen
3276,3276,Wartau
3291,3291,Bad Ragaz
3292,3292,Flums
3293,3293,Mels
3294,3294,Pfäfers
3295,3295,Quarten
3296,3296,Sargans
3297,3297,Vilters-Wangs
3298,3298,Walenstadt
3311,3311,Amden
3312,3312,Benken (SG)
3313,3313,Kaltbrunn
3315,3315,Schänis
3316,3316,Weesen
3338,3338,Schmerikon
3339,3339,Uznach
3340,3340,Rapperswil-Jona
3341,3341,Gommiswald
3342,3342,Eschenbach (SG)
3352,3352,Ebnat-Kappel
3359,3359,Wildhaus-Alt St. Johann
3360,3360,Nesslau
3372,3372,Hemberg
3374,3374,Lichtensteig
3375,3375,Oberhelfenschwil
3378,3378,Neckertal
3379,3379,Wattwil
3392,3392,Kirchberg (SG)
3393,3393,Lütisburg
3394,3394,Mosnang
3395,3395,Bütschwil-Ganterschwil
3401,3401,Degersheim
3402,3402,Flawil
3405,3405,Jonschwil
3407,3407,Oberuzwil
3408,3408,Uzwil
3422,3422,Niederbüren
3423,3423,Niederhelfenschwil
3424,3424,Oberbüren
3426,3426,Zuzwil (SG)
3427,3427,Wil (SG)
3441,3441,Andwil (SG)
3442,3442,Gaiserwald
3443,3443,Gossau (SG)
3444,3444,Waldkirch
3506,3506,Vaz/Obervaz
3513,3513,Lantsch/Lenz
3514,3514,Schmitten (GR)
3542,3542,Albula/Alvra
3543,3543,Surses
3544,3544,Bergün Filisur
3551,3551,Brusio
3561,3561,Poschiavo
3572,3572,Falera
3575,3575,Laax
3581,3581,Sagogn
3582,3582,Schluein
3603,3603,Vals
3618,3618,Lumnezia
3619,3619,Ilanz/Glion
3633,3633,Fürstenau
3637,3637,Rothenbrunnen
3638,3638,Scharans
3640,3640,Sils im Domleschg
3661,3661,Cazis
3662,3662,Flerden
3663,3663,Masein
3668,3668,Thusis
3669,3669,Tschappina
3670,3670,Urmein
3672,3672,Safiental
3673,3673,Domleschg
3681,3681,Avers
3695,3695,Sufers
3701,3701,Andeer
3711,3711,Rongellen
3712,3712,Zillis-Reischen
3713,3713,Ferrera
3714,3714,Rheinwald
3715,3715,Muntogna da Schons
3721,3721,Bonaduz
3722,3722,Domat/Ems
3723,3723,Rhäzüns
3731,3731,Felsberg
3732,3732,Flims
3733,3733,Tamins
3734,3734,Trin
3746,3746,Zernez
3752,3752,Samnaun
3762,3762,Scuol
3764,3764,Valsot
3781,3781,Bever
3782,3782,Celerina/Schlarigna
3783,3783,Madulain
3784,3784,Pontresina
3785,3785,La Punt Chamues-ch
3786,3786,Samedan
3787,3787,St. Moritz
3788,3788,S-chanf
3789,3789,Sils im Engadin/Segl
3790,3790,Silvaplana
3791,3791,Zuoz
3792,3792,Bregaglia
3804,3804,Buseno
3805,3805,Castaneda
3808,3808,Rossa
3810,3810,Santa Maria in Calanca
3821,3821,Lostallo
3822,3822,Mesocco
3823,3823,Soazza
3831,3831,Cama
3832,3832,Grono
3834,3834,Roveredo (GR)
3835,3835,San Vittore
3837,3837,Calanca
3847,3847,Val Müstair
3851,3851,Davos
3861,3861,Fideris
3862,3862,Furna
3863,3863,Jenaz
3871,3871,Klosters
3881,3881,Conters im Prättigau
3882,3882,Küblis
3891,3891,Luzein
3901,3901,Chur
3911,3911,Churwalden
3921,3921,Arosa
3932,3932,Tschiertschen-Praden
3945,3945,Trimmis
3946,3946,Untervaz
3947,3947,Zizers
3951,3951,Fläsch
3952,3952,Jenins
3953,3953,Maienfeld
3954,3954,Malans
3955,3955,Landquart
3961,3961,Grüsch
3962,3962,Schiers
3972,3972,Seewis im Prättigau
3981,3981,Breil/Brigels
3982,3982,Disentis/Mustér
3983,3983,Medel (Lucmagn)
3985,3985,Sumvitg
3986,3986,Tujetsch
3987,3987,Trun
3988,3988,Obersaxen Mundaun
4001,4001,Aarau
4002,4002,Biberstein
4003,4003,Buchs (AG)
4004,4004,Densbüren
4005,4005,Erlinsbach (AG)
4006,4006,Gränichen
4007,4007,Hirschthal
4008,4008,Küttigen
4009,4009,Muhen
4010,4010,Oberentfelden
4012,4012,Suhr
4013,4013,Unterentfelden
4021,4021,Baden
4022,4022,Bellikon
4023,4023,Bergdietikon
4024,4024,Birmenstorf (AG)
4026,4026,Ennetbaden
4027,4027,Fislisbach
4028,4028,Freienwil
4029,4029,Gebenstorf
4030,4030,Killwangen
4031,4031,Künten
4032,4032,Mägenwil
4033,4033,Mellingen
4034,4034,Neuenhof
4035,4035,Niederrohrdorf
4037,4037,Oberrohrdorf
4038,4038,Obersiggenthal
4039,4039,Remetschwil
4040,4040,Spreitenbach
4041,4041,Stetten (AG)
4042,4042,Turgi
4044,4044,Untersiggenthal
4045,4045,Wettingen
4046,4046,Wohlenschwil
4047,4047,Würenlingen
4048,4048,Würenlos
4049,4049,Ehrendingen
4061,4061,Arni (AG)
4062,4062,Berikon
4063,4063,Bremgarten (AG)
4064,4064,Büttikon
4065,4065,Dottikon
4066,4066,Eggenwil
4067,4067,Fischbach-Göslikon
4068,4068,Hägglingen
4071,4071,Jonen
4072,4072,Niederwil (AG)
4073,4073,Oberlunkhofen
4074,4074,Oberwil-Lieli
4075,4075,Rudolfstetten-Friedlisberg
4076,4076,Sarmenstorf
4077,4077,Tägerig
4078,4078,Uezwil
4079,4079,Unterlunkhofen
4080,4080,Villmergen
4081,4081,Widen
4082,4082,Wohlen (AG)
4083,4083,Zufikon
4084,4084,Islisberg
4091,4091,Auenstein
4092,4092,Birr
4093,4093,Birrhard
4094,4094,Bözen
4095,4095,Brugg
4096,4096,Effingen
4097,4097,Elfingen
4099,4099,Habsburg
4100,4100,Hausen (AG)
4104,4104,Lupfig
4105,4105,Mandach
4106,4106,Mönthal
4107,4107,Mülligen
4110,4110,Remigen
4111,4111,Riniken
4112,4112,Rüfenach
4117,4117,Thalheim (AG)
4120,4120,Veltheim (AG)
4121,4121,Villigen
4122,4122,Villnachern
4123,4123,Windisch
4124,4124,Bözberg
4125,4125,Schinznach
4131,4131,Beinwil am See
4132,4132,Birrwil
4133,4133,Burg (AG)
4134,4134,Dürrenäsch
4135,4135,Gontenschwil
4136,4136,Holziken
4137,4137,Leimbach (AG)
4138,4138,Leutwil
4139,4139,Menziken
4140,4140,Oberkulm
4141,4141,Reinach (AG)
4142,4142,Schlossrued
4143,4143,Schmiedrued
4144,4144,Schöftland
4145,4145,Teufenthal (AG)
4146,4146,Unterkulm
4147,4147,Zetzwil
4161,4161,Eiken
4163,4163,Frick
4164,4164,Gansingen
4165,4165,Gipf-Oberfrick
4166,4166,Herznach
4167,4167,Hornussen
4169,4169,Kaisten
4170,4170,Laufenburg
4172,4172,Münchwilen (AG)
4173,4173,Oberhof
4175,4175,Oeschgen
4176,4176,Schwaderloch
4177,4177,Sisseln
4179,4179,Ueken
4181,4181,Wittnau
4182,4182,Wölflinswil
4183,4183,Zeihen
4184,4184,Mettauertal
4191,4191,Ammerswil
4192,4192,Boniswil
4193,4193,Brunegg
4194,4194,Dintikon
4195,4195,Egliswil
4196,4196,Fahrwangen
4197,4197,Hallwil
4198,4198,Hendschiken
4199,4199,Holderbank (AG)
4200,4200,Hunzenschwil
4201,4201,Lenzburg
4202,4202,Meisterschwanden
4203,4203,Möriken-Wildegg
4204,4204,Niederlenz
4205,4205,Othmarsingen
4206,4206,Rupperswil
4207,4207,Schafisheim
4208,4208,Seengen
4209,4209,Seon
4210,4210,Staufen
4221,4221,Abtwil
4222,4222,Aristau
4223,4223,Auw
4224,4224,Beinwil (Freiamt)
4226,4226,Besenbüren
4227,4227,Bettwil
4228,4228,Boswil
4229,4229,Bünzen
4230,4230,Buttwil
4231,4231,Dietwil
4232,4232,Geltwil
4233,4233,Kallern
4234,4234,Merenschwand
4235,4235,Mühlau
4236,4236,Muri (AG)
4237,4237,Oberrüti
4238,4238,Rottenschwil
4239,4239,Sins
4240,4240,Waltenschwil
4251,4251,Hellikon
4252,4252,Kaiseraugst
4253,4253,Magden
4254,4254,Möhlin
4255,4255,Mumpf
4256,4256,Obermumpf
4257,4257,Olsberg
4258,4258,Rheinfelden
4259,4259,Schupfart
4260,4260,Stein (AG)
4261,4261,Wallbach
4262,4262,Wegenstetten
4263,4263,Zeiningen
4264,4264,Zuzgen
4271,4271,Aarburg
4273,4273,Bottenwil
4274,4274,Brittnau
4275,4275,Kirchleerau
4276,4276,Kölliken
4277,4277,Moosleerau
4279,4279,Murgenthal
4280,4280,Oftringen
4281,4281,Reitnau
4282,4282,Rothrist
4283,4283,Safenwil
4284,4284,Staffelbach
4285,4285,Strengelbach
4286,4286,Uerkheim
4287,4287,Vordemwald
4288,4288,Wiliberg
4289,4289,Zofingen
4301,4301,Baldingen
4302,4302,Böbikon
4303,4303,Böttstein
4304,4304,Döttingen
4305,4305,Endingen
4306,4306,Fisibach
4307,4307,Full-Reuenthal
4308,4308,Kaiserstuhl
4309,4309,Klingnau
4310,4310,Koblenz
4311,4311,Leibstadt
4312,4312,Lengnau (AG)
4313,4313,Leuggern
4314,4314,Mellikon
4315,4315,Rekingen (AG)
4316,4316,Rietheim
4317,4317,Rümikon
4318,4318,Schneisingen
4319,4319,Siglistorf
4320,4320,Tegerfelden
4322,4322,Wislikofen
4323,4323,Bad Zurzach
4401,4401,Arbon
4406,4406,Dozwil
4411,4411,Egnach
4416,4416,Hefenhofen
4421,4421,Horn
4426,4426,Kesswil
4431,4431,Roggwil (TG)
4436,4436,Romanshorn
4441,4441,Salmsach
4446,4446,Sommeri
4451,4451,Uttwil
4461,4461,Amriswil
4471,4471,Bischofszell
4476,4476,Erlen
4486,4486,Hauptwil-Gottshaus
4495,4495,Hohentannen
4501,4501,Kradolf-Schönenberg
4506,4506,Sulgen
4511,4511,Zihlschlacht-Sitterdorf
4536,4536,Basadingen-Schlattingen
4545,4545,Diessenhofen
4546,4546,Schlatt (TG)
4551,4551,Aadorf
4561,4561,Felben-Wellhausen
4566,4566,Frauenfeld
4571,4571,Gachnang
4590,4590,Hüttlingen
4591,4591,Matzingen
4601,4601,Neunforn
4606,4606,Stettfurt
4611,4611,Thundorf
4616,4616,Uesslingen-Buch
4621,4621,Warth-Weiningen
4641,4641,Altnau
4643,4643,Bottighofen
4646,4646,Ermatingen
4651,4651,Gottlieben
4656,4656,Güttingen
4666,4666,Kemmental
4671,4671,Kreuzlingen
4681,4681,Langrickenbach
4683,4683,Lengwil
4691,4691,Münsterlingen
4696,4696,Tägerwilen
4701,4701,Wäldi
4711,4711,Affeltrangen
4716,4716,Bettwiesen
4721,4721,Bichelsee-Balterswil
4723,4723,Braunau
4724,4724,Eschlikon
4726,4726,Fischingen
4741,4741,Lommis
4746,4746,Münchwilen (TG)
4751,4751,Rickenbach (TG)
4756,4756,Schönholzerswilen
4761,4761,Sirnach
4776,4776,Tobel-Tägerschen
4781,4781,Wängi
4786,4786,Wilen (TG)
4791,4791,Wuppenau
4801,4801,Berlingen
4806,4806,Eschenz
4811,4811,Herdern
4816,4816,Homburg
4821,4821,Hüttwilen
4826,4826,Mammern
4831,4831,Müllheim
4841,4841,Pfyn
4846,4846,Raperswilen
4851,4851,Salenstein
4864,4864,Steckborn
4871,4871,Wagenhausen
4881,4881,Amlikon-Bissegg
4891,4891,Berg (TG)
4901,4901,Birwinken
4911,4911,Bürglen (TG)
4921,4921,Bussnang
4941,4941,Märstetten
4946,4946,Weinfelden
4951,4951,Wigoltingen
5001,5001,Arbedo-Castione
5002,5002,Bellinzona
5003,5003,Cadenazzo
5009,5009,Isone
5010,5010,Lumino
5017,5017,Sant'Antonino
5048,5048,Acquarossa
5049,5049,Blenio
5050,5050,Serravalle
5061,5061,Airolo
5063,5063,Bedretto
5064,5064,Bodio
5071,5071,Dalpe
5072,5072,Faido
5073,5073,Giornico
5076,5076,Personico
5077,5077,Pollegio
5078,5078,Prato (Leventina)
5079,5079,Quinto
5091,5091,Ascona
5096,5096,Brione sopra Minusio
5097,5097,Brissago
5108,5108,Gordola
5112,5112,Lavertezzo 3)
5113,5113,Locarno
5115,5115,Losone
5117,5117,Mergoscia
5118,5118,Minusio
5120,5120,Muralto
5121,5121,Orselina
5125,5125,Ronco sopra Ascona
5131,5131,Tenero-Contra
5136,5136,Onsernone
5138,5138,Cugnasco-Gerra 3)
5141,5141,Agno
5143,5143,Aranno
5144,5144,Arogno
5146,5146,Astano
5148,5148,Bedano
5149,5149,Bedigliora
5151,5151,Bioggio
5154,5154,Bissone
5160,5160,Brusino Arsizio
5161,5161,Cademario
5162,5162,Cadempino
5167,5167,Canobbio
5171,5171,Caslano
5176,5176,Comano
5178,5178,Croglio
5180,5180,Cureglia
5181,5181,Curio
5186,5186,Grancia
5187,5187,Gravesano
5189,5189,Lamone
5192,5192,Lugano
5193,5193,Magliaso
5194,5194,Manno
5195,5195,Maroggia
5196,5196,Massagno
5197,5197,Melano
5198,5198,Melide
5199,5199,Mezzovico-Vira
5200,5200,Miglieglia
5202,5202,Monteggio
5203,5203,Morcote
5205,5205,Muzzano
5206,5206,Neggio
5207,5207,Novaggio
5208,5208,Origlio
5210,5210,Paradiso
5212,5212,Ponte Capriasca
5213,5213,Ponte Tresa
5214,5214,Porza
5216,5216,Pura
5219,5219,Rovio
5221,5221,Savosa
5222,5222,Sessa
5225,5225,Sorengo
5226,5226,Capriasca
5227,5227,Torricella-Taverne
5230,5230,Vernate
5231,5231,Vezia
5233,5233,Vico Morcote
5236,5236,Collina d'Oro
5237,5237,Alto Malcantone
5238,5238,Monteceneri
5242,5242,Balerna
5249,5249,Castel San Pietro
5250,5250,Chiasso
5251,5251,Coldrerio
5254,5254,Mendrisio
5257,5257,Morbio Inferiore
5260,5260,Novazzano
5263,5263,Riva San Vitale
5266,5266,Stabio
5268,5268,Vacallo
5269,5269,Breggia
5281,5281,Biasca
5287,5287,Riviera
5304,5304,Bosco/Gurin
5307,5307,Campo (Vallemaggia)
5309,5309,Cerentino
5310,5310,Cevio
5315,5315,Linescio
5317,5317,Maggia
5323,5323,Lavizzara
5324,5324,Avegno Gordevio
5396,5396,Terre di Pedemonte
5397,5397,Centovalli
5398,5398,Gambarogno
5399,5399,Verzasca 3)
5401,5401,Aigle
5402,5402,Bex
5403,5403,Chessel
5404,5404,Corbeyrier
5405,5405,Gryon
5406,5406,Lavey-Morcles
5407,5407,Leysin
5408,5408,Noville
5409,5409,Ollon
5410,5410,Ormont-Dessous
5411,5411,Ormont-Dessus
5412,5412,Rennaz
5413,5413,Roche (VD)
5414,5414,Villeneuve (VD)
5415,5415,Yvorne
5421,5421,Apples
5422,5422,Aubonne
5423,5423,Ballens
5424,5424,Berolle
5425,5425,Bière
5426,5426,Bougy-Villars
5427,5427,Féchy
5428,5428,Gimel
5429,5429,Longirod
5430,5430,Marchissy
5431,5431,Mollens (VD)
5434,5434,Saint-George
5435,5435,Saint-Livres
5436,5436,Saint-Oyens
5437,5437,Saubraz
5451,5451,Avenches
5456,5456,Cudrefin
5458,5458,Faoug
5464,5464,Vully-les-Lacs
5471,5471,Bettens
5472,5472,Bournens
5473,5473,Boussens
5474,5474,La Chaux (Cossonay)
5475,5475,Chavannes-le-Veyron
5476,5476,Chevilly
5477,5477,Cossonay
5478,5478,Cottens (VD)
5479,5479,Cuarnens
5480,5480,Daillens
5481,5481,Dizy
5482,5482,Eclépens
5483,5483,Ferreyres
5484,5484,Gollion
5485,5485,Grancy
5486,5486,L'Isle
5487,5487,Lussery-Villars
5488,5488,Mauraz
5489,5489,Mex (VD)
5490,5490,Moiry
5491,5491,Mont-la-Ville
5492,5492,Montricher
5493,5493,Orny
5494,5494,Pampigny
5495,5495,Penthalaz
5496,5496,Penthaz
5497,5497,Pompaples
5498,5498,La Sarraz
5499,5499,Senarclens
5500,5500,Sévery
5501,5501,Sullens
5503,5503,Vufflens-la-Ville
5511,5511,Assens
5512,5512,Bercher
5513,5513,Bioley-Orjulaz
5514,5514,Bottens
5515,5515,Bretigny-sur-Morrens
5516,5516,Cugy (VD)
5518,5518,Echallens
5520,5520,Essertines-sur-Yverdon
5521,5521,Etagnières
5522,5522,Fey
5523,5523,Froideville
5527,5527,Morrens (VD)
5529,5529,Oulens-sous-Echallens
5530,5530,Pailly
5531,5531,Penthéréaz
5533,5533,Poliez-Pittet
5534,5534,Rueyres
5535,5535,Saint-Barthélemy (VD)
5537,5537,Villars-le-Terroir
5539,5539,Vuarrens
5540,5540,Montilliez
5541,5541,Goumoëns
5551,5551,Bonvillars
5552,5552,Bullet
5553,5553,Champagne
5554,5554,Concise
5555,5555,Corcelles-près-Concise
5556,5556,Fiez
5557,5557,Fontaines-sur-Grandson
5559,5559,Giez
5560,5560,Grandevent
5561,5561,Grandson
5562,5562,Mauborget
5563,5563,Mutrux
5564,5564,Novalles
5565,5565,Onnens (VD)
5566,5566,Provence
5568,5568,Sainte-Croix
5571,5571,Tévenon
5581,5581,Belmont-sur-Lausanne
5582,5582,Cheseaux-sur-Lausanne
5583,5583,Crissier
5584,5584,Epalinges
5585,5585,Jouxtens-Mézery
5586,5586,Lausanne
5587,5587,Le Mont-sur-Lausanne
5588,5588,Paudex
5589,5589,Prilly
5590,5590,Pully
5591,5591,Renens (VD)
5592,5592,Romanel-sur-Lausanne
5601,5601,Chexbres
5604,5604,Forel (Lavaux)
5606,5606,Lutry
5607,5607,Puidoux
5609,5609,Rivaz
5610,5610,Saint-Saphorin (Lavaux)
5611,5611,Savigny
5613,5613,Bourg-en-Lavaux
5621,5621,Aclens
5622,5622,Bremblens
5623,5623,Buchillon
5624,5624,Bussigny
5625,5625,Bussy-Chardonney
5627,5627,Chavannes-près-Renens
5628,5628,Chigny
5629,5629,Clarmont
5631,5631,Denens
5632,5632,Denges
5633,5633,Echandens
5634,5634,Echichens
5635,5635,Ecublens (VD)
5636,5636,Etoy
5637,5637,Lavigny
5638,5638,Lonay
5639,5639,Lully (VD)
5640,5640,Lussy-sur-Morges
5642,5642,Morges
5643,5643,Préverenges
5644,5644,Reverolle
5645,5645,Romanel-sur-Morges
5646,5646,Saint-Prex
5648,5648,Saint-Sulpice (VD)
5649,5649,Tolochenaz
5650,5650,Vaux-sur-Morges
5651,5651,Villars-Sainte-Croix
5652,5652,Villars-sous-Yens
5653,5653,Vufflens-le-Château
5654,5654,Vullierens
5655,5655,Yens
5661,5661,Boulens
5663,5663,Bussy-sur-Moudon
5665,5665,Chavannes-sur-Moudon
5669,5669,Curtilles
5671,5671,Dompierre (VD)
5673,5673,Hermenches
5674,5674,Lovatens
5675,5675,Lucens
5678,5678,Moudon
5680,5680,Ogens
5683,5683,Prévonloup
5684,5684,Rossenges
5688,5688,Syens
5690,5690,Villars-le-Comte
5692,5692,Vucherens
5693,5693,Montanaire
5701,5701,Arnex-sur-Nyon
5702,5702,Arzier-Le Muids
5703,5703,Bassins
5704,5704,Begnins
5705,5705,Bogis-Bossey
5706,5706,Borex
5707,5707,Chavannes-de-Bogis
5708,5708,Chavannes-des-Bois
5709,5709,Chéserex
5710,5710,Coinsins
5711,5711,Commugny
5712,5712,Coppet
5713,5713,Crans (VD)
5714,5714,Crassier
5715,5715,Duillier
5716,5716,Eysins
5717,5717,Founex
5718,5718,Genolier
5719,5719,Gingins
5720,5720,Givrins
5721,5721,Gland
5722,5722,Grens
5723,5723,Mies
5724,5724,Nyon
5725,5725,Prangins
5726,5726,La Rippe
5727,5727,Saint-Cergue
5728,5728,Signy-Avenex
5729,5729,Tannay
5730,5730,Trélex
5731,5731,Le Vaud
5732,5732,Vich
5741,5741,L'Abergement
5742,5742,Agiez
5743,5743,Arnex-sur-Orbe
5744,5744,Ballaigues
5745,5745,Baulmes
5746,5746,Bavois
5747,5747,Bofflens
5748,5748,Bretonnières
5749,5749,Chavornay
5750,5750,Les Clées
5752,5752,Croy
5754,5754,Juriens
5755,5755,Lignerolle
5756,5756,Montcherand
5757,5757,Orbe
5758,5758,La Praz
5759,5759,Premier
5760,5760,Rances
5761,5761,Romainmôtier-Envy
5762,5762,Sergey
5763,5763,Valeyres-sous-Rances
5764,5764,Vallorbe
5765,5765,Vaulion
5766,5766,Vuiteboeuf
5785,5785,Corcelles-le-Jorat
5788,5788,Essertes
5790,5790,Maracon
5792,5792,Montpreveyres
5798,5798,Ropraz
5799,5799,Servion
5803,5803,Vulliens
5804,5804,Jorat-Menthue
5805,5805,Oron
5806,5806,Jorat-Mézières
5812,5812,Champtauroz
5813,5813,Chevroux
5816,5816,Corcelles-près-Payerne
5817,5817,Grandcour
5819,5819,Henniez
5821,5821,Missy
5822,5822,Payerne
5827,5827,Trey
5828,5828,Treytorrens (Payerne)
5830,5830,Villarzel
5831,5831,Valbroye
5841,5841,Château-d'Oex
5842,5842,Rossinière
5843,5843,Rougemont
5851,5851,Allaman
5852,5852,Bursinel
5853,5853,Bursins
5854,5854,Burtigny
5855,5855,Dully
5856,5856,Essertines-sur-Rolle
5857,5857,Gilly
5858,5858,Luins
5859,5859,Mont-sur-Rolle
5860,5860,Perroy
5861,5861,Rolle
5862,5862,Tartegnin
5863,5863,Vinzel
5871,5871,L'Abbaye
5872,5872,Le Chenit
5873,5873,Le Lieu
5881,5881,Blonay
5882,5882,Chardonne
5883,5883,Corseaux
5884,5884,Corsier-sur-Vevey
5885,5885,Jongny
5886,5886,Montreux
5888,5888,Saint-Légier-La Chiésaz
5889,5889,La Tour-de-Peilz
5890,5890,Vevey
5891,5891,Veytaux
5902,5902,Belmont-sur-Yverdon
5903,5903,Bioley-Magnoux
5904,5904,Chamblon
5905,5905,Champvent
5907,5907,Chavannes-le-Chêne
5908,5908,Chêne-Pâquier
5909,5909,Cheseaux-Noréaz
5910,5910,Cronay
5911,5911,Cuarny
5912,5912,Démoret
5913,5913,Donneloye
5914,5914,Ependes (VD)
5919,5919,Mathod
5921,5921,Molondin
5922,5922,Montagny-près-Yverdon
5923,5923,Oppens
5924,5924,Orges
5925,5925,Orzens
5926,5926,Pomy
5928,5928,Rovray
5929,5929,Suchy
5930,5930,Suscévaz
5931,5931,Treycovagnes
5932,5932,Ursins
5933,5933,Valeyres-sous-Montagny
5934,5934,Valeyres-sous-Ursins
5935,5935,Villars-Epeney
5937,5937,Vugelles-La Mothe
5938,5938,Yverdon-les-Bains
5939,5939,Yvonand
6002,6002,Brig-Glis
6004,6004,Eggerberg
6007,6007,Naters
6008,6008,Ried-Brig
6009,6009,Simplon
6010,6010,Termen
6011,6011,Zwischbergen
6021,6021,Ardon
6022,6022,Chamoson
6023,6023,Conthey
6024,6024,Nendaz
6025,6025,Vétroz
6032,6032,Bourg-Saint-Pierre
6033,6033,Liddes
6034,6034,Orsières
6035,6035,Sembrancher
6037,6037,Val de Bagnes
6052,6052,Bellwald
6054,6054,Binn
6056,6056,Ernen
6057,6057,Fiesch
6058,6058,Fieschertal
6061,6061,Lax
6076,6076,Obergoms
6077,6077,Goms
6082,6082,Ayent
6083,6083,Evolène
6084,6084,Hérémence
6087,6087,Saint-Martin (VS)
6089,6089,Vex
6090,6090,Mont-Noble
6101,6101,Agarn
6102,6102,Albinen
6104,6104,Ergisch
6109,6109,Inden
6110,6110,Leuk
6111,6111,Leukerbad
6112,6112,Oberems
6113,6113,Salgesch
6116,6116,Varen
6117,6117,Guttet-Feschel
6118,6118,Gampel-Bratsch
6119,6119,Turtmann-Unterems
6131,6131,Bovernier
6133,6133,Fully
6134,6134,Isérables
6135,6135,Leytron
6136,6136,Martigny
6137,6137,Martigny-Combe
6139,6139,Riddes
6140,6140,Saillon
6141,6141,Saxon
6142,6142,Trient
6151,6151,Champéry
6152,6152,Collombey-Muraz
6153,6153,Monthey
6154,6154,Port-Valais
6155,6155,Saint-Gingolph
6156,6156,Troistorrents
6157,6157,Val-d'Illiez
6158,6158,Vionnaz
6159,6159,Vouvry
6172,6172,Bister
6173,6173,Bitsch
6177,6177,Grengiols
6181,6181,Riederalp
6191,6191,Ausserberg
6192,6192,Blatten
6193,6193,Bürchen
6194,6194,Eischoll
6195,6195,Ferden
6197,6197,Kippel
6198,6198,Niedergesteln
6199,6199,Raron
6201,6201,Unterbäch
6202,6202,Wiler (Lötschen)
6203,6203,Mörel-Filet
6204,6204,Steg-Hohtenn
6205,6205,Bettmeralp
6211,6211,Collonges
6212,6212,Dorénaz
6213,6213,Evionnaz
6214,6214,Finhaut
6215,6215,Massongex
6217,6217,Saint-Maurice
6218,6218,Salvan
6219,6219,Vernayaz
6220,6220,Vérossaz
6232,6232,Chalais
6235,6235,Chippis
6238,6238,Grône
6239,6239,Icogne
6240,6240,Lens
6246,6246,Saint-Léonard
6248,6248,Sierre
6252,6252,Anniviers
6253,6253,Crans-Montana
6254,6254,Noble-Contrée
6261,6261,Arbaz
6263,6263,Grimisuat
6265,6265,Savièse
6266,6266,Sion
6267,6267,Veysonnaz
6281,6281,Baltschieder
6282,6282,Eisten
6283,6283,Embd
6285,6285,Grächen
6286,6286,Lalden
6287,6287,Randa
6288,6288,Saas-Almagell
6289,6289,Saas-Balen
6290,6290,Saas-Fee
6291,6291,Saas-Grund
6292,6292,St. Niklaus
6293,6293,Stalden (VS)
6294,6294,Staldenried
6295,6295,Täsch
6296,6296,Törbel
6297,6297,Visp
6298,6298,Visperterminen
6299,6299,Zeneggen
6300,6300,Zermatt
6404,6404,Boudry
6408,6408,Cortaillod
6413,6413,Rochefort
6416,6416,Milvignes
6417,6417,La Grande Béroche
6421,6421,La Chaux-de-Fonds
6422,6422,Les Planchettes
6423,6423,La Sagne
6432,6432,La Brévine
6433,6433,Brot-Plamboz
6434,6434,Le Cerneux-Péquignot
6435,6435,La Chaux-du-Milieu
6436,6436,Le Locle
6437,6437,Les Ponts-de-Martel
6451,6451,Cornaux
6452,6452,Cressier (NE)
6453,6453,Enges
6454,6454,Hauterive (NE)
6455,6455,Le Landeron
6456,6456,Lignières
6458,6458,Neuchâtel
6459,6459,Saint-Blaise
6461,6461,La Tène
6487,6487,Val-de-Ruz
6504,6504,La Côte-aux-Fées
6511,6511,Les Verrières
6512,6512,Val-de-Travers
6601,6601,Aire-la-Ville
6602,6602,Anières
6603,6603,Avully
6604,6604,Avusy
6605,6605,Bardonnex
6606,6606,Bellevue
6607,6607,Bernex
6608,6608,Carouge (GE)
6609,6609,Cartigny
6610,6610,Céligny
6611,6611,Chancy
6612,6612,Chêne-Bougeries
6613,6613,Chêne-Bourg
6614,6614,Choulex
6615,6615,Collex-Bossy
6616,6616,Collonge-Bellerive
6617,6617,Cologny
6618,6618,Confignon
6619,6619,Corsier (GE)
6620,6620,Dardagny
6621,6621,Genève
6622,6622,Genthod
6623,6623,Le Grand-Saconnex
6624,6624,Gy
6625,6625,Hermance
6626,6626,Jussy
6627,6627,Laconnex
6628,6628,Lancy
6629,6629,Meinier
6630,6630,Meyrin
6631,6631,Onex
6632,6632,Perly-Certoux
6633,6633,Plan-les-Ouates
6634,6634,Pregny-Chambésy
6635,6635,Presinge
6636,6636,Puplinge
6637,6637,Russin
6638,6638,Satigny
6639,6639,Soral
6640,6640,Thônex
6641,6641,Troinex
6642,6642,Vandoeuvres
6643,6643,Vernier
6644,6644,Versoix
6645,6645,Veyrier
6702,6702,Boécourt
6703,6703,Bourrignon
6704,6704,Châtillon (JU)
6706,6706,Courchapoix
6708,6708,Courrendlin
6709,6709,Courroux
6710,6710,Courtételle
6711,6711,Delémont
6712,6712,Develier
6713,6713,Ederswiler
6715,6715,Mervelier
6716,6716,Mettembert
6718,6718,Movelier
6719,6719,Pleigne
6721,6721,Rossemaison
6722,6722,Saulcy
6724,6724,Soyhières
6729,6729,Haute-Sorne
6730,6730,Val Terbi
6741,6741,Le Bémont (JU)
6742,6742,Les Bois
6743,6743,Les Breuleux
6744,6744,La Chaux-des-Breuleux
6745,6745,Les Enfers
6748,6748,Les Genevez (JU)
6750,6750,Lajoux (JU)
6751,6751,Montfaucon
6753,6753,Muriaux
6754,6754,Le Noirmont
6757,6757,Saignelégier
6758,6758,Saint-Brais
6759,6759,Soubey
6771,6771,Alle
6773,6773,Beurnevésin
6774,6774,Boncourt
6775,6775,Bonfol
6778,6778,Bure
6781,6781,Coeuve
6782,6782,Cornol
6783,6783,Courchavon
6784,6784,Courgenay
6785,6785,Courtedoux
6787,6787,Damphreux
6789,6789,Fahy
6790,6790,Fontenais
6792,6792,Grandfontaine
6793,6793,Lugnez
6800,6800,Porrentruy
6806,6806,Vendlincourt
6807,6807,Basse-Allaine
6808,6808,Clos du Doubs
6809,6809,Haute-Ajoie
6810,6810,La Baroche